id,year,year_treated,time_to_treatment,treated,treatment_effect_true,x1,y
90,1,2,-1,1,-0,-1.0947021321591979,0.017229712877750103
89,1,3,-2,1,-0,-3.7100676485602455,-4.5808452821655878
88,1,4,-3,1,-0,2.52744015265539,2.7381717377282326
87,1,5,-4,1,-0,-0.72042630586218415,-0.65103065848772568
86,1,6,-5,1,-0,-3.6711677859516882,-5.3338166387936123
85,1,7,-6,1,-0,-0.31521366654812288,0.49562631362910736
84,1,8,-7,1,-0,0.32856334202584581,-1.5837824540212357
83,1,9,-8,1,-0,-0.08850914503314633,-1.3352625738281882
82,1,10,-9,1,-0,-2.3495161110388758,-1.3513616659815617
81,1,10000,-1000,0,-0,2.3131871601728071,1.7723144156585455
80,1,10000,-1000,0,-0,-0.56561061061014128,-0.78198640139038866
79,1,10000,-1000,0,-0,-3.1599661049722179,-4.7819033978141965
78,1,10000,-1000,0,-0,-7.2486478125580005,-8.6996117779573616
77,1,10000,-1000,0,-0,1.3205621615791947,1.6714718922670149
76,1,10000,-1000,0,-0,-1.6812111956863069,-1.855758124417531
75,1,10000,-1000,0,-0,-1.6074582029532503,-2.1988866731694077
74,1,10000,-1000,0,-0,0.85588847042190608,-0.47813879047417007
73,1,10000,-1000,0,-0,0.54126871877901639,-0.55602978241326784
72,1,10000,-1000,0,-0,-0.042014836838463632,1.9940887725258565
71,1,2,-1,1,-0,0.44098018804849914,1.2149854000699793
70,1,3,-2,1,-0,-1.3745879222124127,-0.58958152153313315
69,1,4,-3,1,-0,-6.6704234275193039,-5.9071773471734099
68,1,5,-4,1,-0,0.024505047725463802,0.31931380729050063
67,1,6,-5,1,-0,-1.7099369530088011,-2.962292877181457
66,1,7,-6,1,-0,-1.9656734416100949,-2.9751771943797554
65,1,8,-7,1,-0,-5.3397414881913399,-4.588350293645405
64,1,9,-8,1,-0,-2.7928079281482816,-4.1011614407310422
63,1,10,-9,1,-0,-0.49351269006174237,0.034027407001909649
62,1,10000,-1000,0,-0,1.9203413699457328,1.386801796368393
61,1,10000,-1000,0,-0,-1.8296599664394564,-2.2280359805330945
60,1,10000,-1000,0,-0,-0.57118281617032651,-1.3607522666651555
59,1,10000,-1000,0,-0,-1.7039745381951481,-1.9341156744656958
58,1,10000,-1000,0,-0,-5.0993336242562117,-4.2221487826044131
57,1,10000,-1000,0,-0,-2.6307562817601542,-2.1770231042189794
56,1,10000,-1000,0,-0,-2.5776300060290636,-2.8100941537524782
55,1,10000,-1000,0,-0,-1.7181085137832162,-0.84810298909293635
54,1,10000,-1000,0,-0,1.2566566381845274,2.9126603723313513
53,1,10000,-1000,0,-0,0.39232901576964463,0.38596008685479977
52,1,2,-1,1,-0,-2.2160199844593391,-1.9378013353945978
51,1,3,-2,1,-0,0.22243367084964394,-0.75546927016846799
50,1,4,-3,1,-0,-0.13756470738479232,-1.0641508495307428
49,1,5,-4,1,-0,-3.333204172916195,-1.4134337102949968
48,1,6,-5,1,-0,-3.381288047325361,-2.5000102595491822
47,1,7,-6,1,-0,-0.63042890223939907,0.11165286968707777
46,1,8,-7,1,-0,0.40607507609319438,0.55364848014262802
45,1,9,-8,1,-0,-1.8541862294075908,-1.3687976644153217
44,1,10,-9,1,-0,0.69493248933587326,0.84678852888185419
43,1,10000,-1000,0,-0,-0.54440936558491715,-0.50241061149764665
42,1,10000,-1000,0,-0,-3.1363232802886962,-2.9129009683456486
41,1,10000,-1000,0,-0,-0.69063110299893815,-1.7010961890031528
40,1,10000,-1000,0,-0,-4.4637654714481112,-2.0625433694768898
39,1,10000,-1000,0,-0,2.1111021666654279,2.9130639569363095
38,1,10000,-1000,0,-0,3.5156231567677674,3.2644151978121174
37,1,10000,-1000,0,-0,-2.5081745845456238,-1.2952852137163884
36,1,10000,-1000,0,-0,-4.245076431922902,-4.8723345179277802
35,1,10000,-1000,0,-0,-0.10406301628361336,1.6070954911922422
34,1,10000,-1000,0,-0,-1.9124540405094708,-2.3068275935322307
33,1,2,-1,1,-0,-1.6666018838835406,-0.30248268848397086
32,1,3,-2,1,-0,0.20389746506313822,1.3361265977918921
31,1,4,-3,1,-0,-1.4940641889356752,-2.268380508294384
30,1,5,-4,1,-0,-3.473091500234605,-4.8834664662281915
29,1,6,-5,1,-0,-1.0814902973777212,-2.9160178780743653
28,1,7,-6,1,-0,-6.1972864250267818,-6.4662999629572093
27,1,8,-7,1,-0,2.1945743693754656,0.36064579209579861
26,1,9,-8,1,-0,-1.1726802639986431,-1.9871482827736182
25,1,10,-9,1,-0,4.0088222942033811,4.1723944165820051
24,1,10000,-1000,0,-0,-0.34579815503332378,0.50972106701707953
23,1,10000,-1000,0,-0,-3.3875778088257329,-4.2075409357054712
22,1,10000,-1000,0,-0,0.0011567718695451035,-0.12244598810613046
21,1,10000,-1000,0,-0,-3.9627308173215736,-3.7077825812801399
20,1,10000,-1000,0,-0,-4.7826325534578586,-3.0637062152205354
19,1,10000,-1000,0,-0,-0.81808898640618455,-1.7766325139333037
18,1,10000,-1000,0,-0,-2.703364783876828,-4.3076750456373087
17,1,10000,-1000,0,-0,-1.5630791194863256,-3.4086885411971286
16,1,10000,-1000,0,-0,-1.3751618128234067,-0.81942462753363643
15,1,10000,-1000,0,-0,-3.0785762080270405,-3.1386953993774096
14,1,2,-1,1,-0,-1.9127722428624954,-2.0536116300198497
13,1,3,-2,1,-0,1.4569561596054137,1.8500500851196731
12,1,4,-3,1,-0,-5.4752588107020363,-5.2510402365425897
11,1,5,-4,1,-0,-0.041899713425634699,-0.018357728257053802
10,1,6,-5,1,-0,-0.71159288719427238,-1.3345555469590606
9,1,7,-6,1,-0,1.1619088415682319,2.4239182221946223
8,1,8,-7,1,-0,-2.3464255595892252,-2.7521996023649966
7,1,9,-8,1,-0,-0.61647841102181578,0.050285360420663672
6,1,10,-9,1,-0,-0.880562468811245,-0.71592331428111722
5,1,10000,-1000,0,-0,-2.9579758378744221,-1.176451363087252
4,1,10000,-1000,0,-0,1.5333711958504983,2.2445851601743763
3,1,10000,-1000,0,-0,1.4115795351093965,1.0738883792470264
2,1,10000,-1000,0,-0,0.23077359910756789,0.22162464684021327
1,1,10000,-1000,0,-0,2.505764973720213,2.3804557653067793
95,1,10000,-1000,0,-0,-0.13288646150200711,-2.223732558474306
94,1,10000,-1000,0,-0,-4.8415429120731162,-3.1441490172524311
93,1,10000,-1000,0,-0,-3.0368658889375526,-1.9729847344500424
92,1,10000,-1000,0,-0,-4.7081676746446028,-5.4747843108698753
91,1,10000,-1000,0,-0,-2.7806213218421139,-2.3986137626717339
90,2,2,0,1,-1,-1.1245239334591941,-3.2572833445116149
89,2,3,-1,1,-0,-3.2382984157396746,-1.7483910020864468
88,2,4,-2,1,-0,-0.8674367537368235,-1.1156838587057887
87,2,5,-3,1,-0,-2.6697598147681756,-2.4861761068247228
86,2,6,-4,1,-0,2.7017926510292791,3.1066636604690254
85,2,7,-5,1,-0,0.37167583166128026,-0.62244863764814262
84,2,8,-6,1,-0,0.80077235447546125,-0.28465697509180821
83,2,9,-7,1,-0,-0.36583633572366547,-0.41437889025338775
82,2,10,-8,1,-0,2.5130216372351701,3.0891072377473763
81,2,10000,-1000,0,-0,-2.627955770238537,-2.5541252383939237
80,2,10000,-1000,0,-0,-2.2418317882128549,-1.5358862169106366
79,2,10000,-1000,0,-0,1.9587735468648897,2.2937536502562437
78,2,10000,-1000,0,-0,-2.6611358421745228,-2.1157480362499057
77,2,10000,-1000,0,-0,-1.6778910044162165,-3.0807969103574848
76,2,10000,-1000,0,-0,-2.0891562954741438,-1.4121024045302626
75,2,10000,-1000,0,-0,-1.9276572840099166,-2.717457730152824
74,2,10000,-1000,0,-0,-1.8369890987753417,-2.3027179882094377
73,2,10000,-1000,0,-0,-0.12185698240121923,-0.22670904763600855
72,2,10000,-1000,0,-0,-1.6112415030648766,-3.259092590370213
71,2,2,0,1,-1,1.7608375311244751,0.3209798942812716
70,2,3,-1,1,-0,-1.693857169357901,-2.4123686212963653
69,2,4,-2,1,-0,-1.6161787304808319,-2.1707763268157452
68,2,5,-3,1,-0,-1.4401506357045821,-0.19466145895315567
67,2,6,-4,1,-0,0.36271278493539127,-0.89620856602571219
66,2,7,-5,1,-0,-1.3810951729234329,-1.5964796543514566
65,2,8,-6,1,-0,-1.3014042822621992,-3.7733659923816569
64,2,9,-7,1,-0,-2.7298122339663848,-3.4039815540724541
63,2,10,-8,1,-0,-1.9371442838194848,-2.4384414692494021
62,2,10000,-1000,0,-0,-1.0845022711283314,0.45782351682369971
61,2,10000,-1000,0,-0,-2.5240633696274837,-3.4860814348642419
60,2,10000,-1000,0,-0,-0.039110601964001734,-0.91129013840540785
59,2,10000,-1000,0,-0,-4.585632281224413,-5.9832618991287765
58,2,10000,-1000,0,-0,-0.53800901373859011,-0.35820384692218388
57,2,10000,-1000,0,-0,-4.6256787277730638,-3.4715867399857272
56,2,10000,-1000,0,-0,-1.8854794028125821,-3.0840130128990708
55,2,10000,-1000,0,-0,-2.3896242175720372,-2.815348619046059
54,2,10000,-1000,0,-0,-2.6642374620206146,-1.2979288531731095
53,2,10000,-1000,0,-0,-1.3441274751082668,-2.0284248697669285
52,2,2,0,1,-1,1.3916501611362628,0.78115370394999961
51,2,3,-1,1,-0,-4.9107334217200078,-6.2161293455253119
50,2,4,-2,1,-0,-2.2460140826004267,-1.0291260714993014
49,2,5,-3,1,-0,-3.6929714966744709,-2.8977974784021603
48,2,6,-4,1,-0,-2.8832012838549685,-3.371403793280769
47,2,7,-5,1,-0,3.4112638273119322,2.50727037268177
46,2,8,-6,1,-0,-1.1793518282173876,-1.5697702463043137
45,2,9,-7,1,-0,-4.0708640636234001,-3.2568006484779861
44,2,10,-8,1,-0,-4.8566892376762567,-5.4209385178596881
43,2,10000,-1000,0,-0,-0.21944881381953085,-2.0936541325888487
42,2,10000,-1000,0,-0,-1.2590986546207619,-1.4020033655418622
41,2,10000,-1000,0,-0,-1.9233888830018273,-1.1514848732594869
40,2,10000,-1000,0,-0,-3.2791982283185162,-4.4383161584860575
39,2,10000,-1000,0,-0,-4.5170232121626572,-4.7549387398329932
38,2,10000,-1000,0,-0,-3.6026398987964727,-4.8248332248187262
37,2,10000,-1000,0,-0,1.0000638847412411,1.1168700976668762
36,2,10000,-1000,0,-0,-2.5958627970194814,-2.7283624250330027
35,2,10000,-1000,0,-0,-4.288501774718096,-4.3221865507557311
34,2,10000,-1000,0,-0,2.9280293729605007,2.3057029547330306
33,2,2,0,1,-1,-1.7472377265896926,-1.8757923121809474
32,2,3,-1,1,-0,1.1297115519512952,1.2348495709884622
31,2,4,-2,1,-0,0.74809291783042431,0.56115765025656694
30,2,5,-3,1,-0,-2.5913744821585238,-5.8045630145793528
29,2,6,-4,1,-0,3.6750558656101204,2.3994371624462714
28,2,7,-5,1,-0,-1.7835673312856648,-1.0206610133992864
27,2,8,-6,1,-0,-4.3773695236276682,-4.7841846670704751
26,2,9,-7,1,-0,-1.5382029784475306,-2.7465207623281414
25,2,10,-8,1,-0,-0.75762779385028511,-1.1969504507286353
24,2,10000,-1000,0,-0,3.9010099816255566,3.5254292356825796
23,2,10000,-1000,0,-0,-0.98327148074602888,-1.4847138758927363
22,2,10000,-1000,0,-0,-0.20434090244466407,0.29227167333408999
21,2,10000,-1000,0,-0,-1.3890542989500441,0.13182663927888494
20,2,10000,-1000,0,-0,-1.9587260477583861,-0.97063421994702836
19,2,10000,-1000,0,-0,-1.294954212193032,-0.04883167822196044
18,2,10000,-1000,0,-0,0.52899862550338583,0.19913129800490287
17,2,10000,-1000,0,-0,3.3848226431236115,4.2291673571125559
16,2,10000,-1000,0,-0,1.0607546258653096,0.079678870618993258
15,2,10000,-1000,0,-0,1.4611271404920481,1.3219057353745907
14,2,2,0,1,-1,0.96428143457328108,-0.048546575305326023
13,2,3,-1,1,-0,-0.73015543118022208,-1.0354643571509106
12,2,4,-2,1,-0,-4.4721981392887677,-5.0564115999410744
11,2,5,-3,1,-0,-0.06234002453607812,0.70892847733658282
10,2,6,-4,1,-0,-1.5700414295474743,0.536147932214321
9,2,7,-5,1,-0,2.0304240730047418,2.4425811098517789
8,2,8,-6,1,-0,-2.9170536095297033,-3.1783184876236601
7,2,9,-7,1,-0,-2.1721155157980601,-0.098331869794370252
6,2,10,-8,1,-0,-3.2719840645794465,-4.0508142880203888
5,2,10000,-1000,0,-0,-1.6107390947695688,-0.47920658148866391
4,2,10000,-1000,0,-0,-0.32629850603970645,-0.74764363412336099
3,2,10000,-1000,0,-0,-2.8409034426674795,-3.862650812687213
2,2,10000,-1000,0,-0,0.62377885354179097,1.84208423228857
1,2,10000,-1000,0,-0,-3.8973822564130183,-5.6971429313084077
95,2,10000,-1000,0,-0,-3.5422946036734775,-3.8505445420241982
94,2,10000,-1000,0,-0,1.978458751265828,1.9939739946145638
93,2,10000,-1000,0,-0,-3.4710169697672186,-3.9133346884341473
92,2,10000,-1000,0,-0,-0.30420137690493265,-1.9422091097861247
91,2,10000,-1000,0,-0,-2.0631357616702894,-2.7045369178531402
90,3,2,1,1,0,2.2881606521653568,4.2113243051282359
89,3,3,0,1,-2,2.0968927872628327,-1.7599368411370242
88,3,4,-1,1,-0,-1.4887350037139568,-3.5948534393089866
87,3,5,-2,1,-0,-5.1432359686620863,-4.4455874417177395
86,3,6,-3,1,-0,3.8005567481278968,4.708001155856226
85,3,7,-4,1,-0,0.37742938747048249,0.18144118858645863
84,3,8,-5,1,-0,0.14230368651512537,-0.064516801440474836
83,3,9,-6,1,-0,-0.89500945497983164,-0.16996628450473028
82,3,10,-7,1,-0,0.083925787198617208,1.4826447426304197
81,3,10000,-1000,0,-0,-1.1773280527149352,-2.7678832021421629
80,3,10000,-1000,0,-0,-0.083273776314086168,1.2212233003256387
79,3,10000,-1000,0,-0,-1.6183955671353831,-1.4223838334377321
78,3,10000,-1000,0,-0,-3.4321772762206275,-3.7715207217063251
77,3,10000,-1000,0,-0,0.9772581320243795,2.242402272168154
76,3,10000,-1000,0,-0,1.971898757602399,2.9116724426758416
75,3,10000,-1000,0,-0,-1.4472833232635582,-0.16933083732733656
74,3,10000,-1000,0,-0,-3.2135458860591704,-3.5047060296939749
73,3,10000,-1000,0,-0,0.33100806458130572,1.1071805142628781
72,3,10000,-1000,0,-0,-0.95355696041004423,-0.6578313271988494
71,3,2,1,1,0,-0.86596649943042214,0.89126652490925729
70,3,3,0,1,-2,-2.0485849624835462,-3.8868581436284249
69,3,4,-1,1,-0,-1.5075481876859658,-1.562232563524097
68,3,5,-2,1,-0,-3.0326889091645364,-2.5037173084957036
67,3,6,-3,1,-0,2.5018376014915589,2.8915721227471729
66,3,7,-4,1,-0,-1.4891543139444836,-2.1949257287880299
65,3,8,-5,1,-0,-3.8721875612975305,-3.9253660363899652
64,3,9,-6,1,-0,-0.50121051901214453,2.1052339697735025
63,3,10,-7,1,-0,-0.37782689337223324,-0.45041999815550071
62,3,10000,-1000,0,-0,-2.7134025498107417,-3.0096744412410668
61,3,10000,-1000,0,-0,-6.2720987864903428,-5.537768450428346
60,3,10000,-1000,0,-0,-2.0676236430739978,-1.6661428966374077
59,3,10000,-1000,0,-0,0.19686947528281185,-0.34143160075691326
58,3,10000,-1000,0,-0,-0.98163269460490032,-2.0643555055219722
57,3,10000,-1000,0,-0,-1.0535426113952941,-0.20574120389117267
56,3,10000,-1000,0,-0,0.17875541414064122,0.29760042914744816
55,3,10000,-1000,0,-0,-3.0885748398303461,-2.6063276170541898
54,3,10000,-1000,0,-0,1.1809685220251356,0.88964371730101144
53,3,10000,-1000,0,-0,-0.87994605837241424,-2.5320563298496839
52,3,2,1,1,0,1.0637798601037316,3.4543565600655848
51,3,3,0,1,-2,-0.45205510966147017,-3.9138267959625055
50,3,4,-1,1,-0,-2.5130948931886397,-3.4979011859363687
49,3,5,-2,1,-0,1.3047360565416577,-0.031317687961297302
48,3,6,-3,1,-0,-4.6101673693495,-4.9752989810825552
47,3,7,-4,1,-0,-1.8886860427771039,-0.50723179479742919
46,3,8,-5,1,-0,-1.3480451804506364,-1.5013624362048124
45,3,9,-6,1,-0,-1.1805915039910704,-1.4361631382309741
44,3,10,-7,1,-0,1.0382665471475114,-0.25036055644956523
43,3,10000,-1000,0,-0,-0.61522444227471851,-0.54995802527402848
42,3,10000,-1000,0,-0,-0.1085687047125572,0.92675771670833651
41,3,10000,-1000,0,-0,-1.0002042017265595,1.2600115901336659
40,3,10000,-1000,0,-0,-1.3330736496403528,-0.018377374324985318
39,3,10000,-1000,0,-0,0.43069432455841172,-0.43932902112865313
38,3,10000,-1000,0,-0,1.2734401518661596,0.77031011648106451
37,3,10000,-1000,0,-0,-5.3636298973249703,-4.7561743420690998
36,3,10000,-1000,0,-0,0.20104305946920642,0.19100164321463223
35,3,10000,-1000,0,-0,-0.16923595685565651,0.10609434276310603
34,3,10000,-1000,0,-0,-1.6651836186402595,-2.9774824020116091
33,3,2,1,1,0,-1.5978082034155641,-2.5242124510954644
32,3,3,0,1,-2,-1.4016379442091726,-4.3301958688204145
31,3,4,-1,1,-0,0.73336299005980432,0.014462387837700597
30,3,5,-2,1,-0,2.3456692101667729,1.9308786406486589
29,3,6,-3,1,-0,-0.36496301088251171,-0.37063090402304327
28,3,7,-4,1,-0,-1.6594172226393233,-1.0259683031444706
27,3,8,-5,1,-0,-3.0935389222436829,-3.6027196958996432
26,3,9,-6,1,-0,-1.488969081054651,-2.3459777003833793
25,3,10,-7,1,-0,-2.6273896235634813,-1.0112220467506234
24,3,10000,-1000,0,-0,-1.3541447313753965,-0.36027832453706754
23,3,10000,-1000,0,-0,-0.13248247718746142,0.56436338221834115
22,3,10000,-1000,0,-0,-2.4628856818116067,-0.76291500884620556
21,3,10000,-1000,0,-0,4.083864518519646,3.1061225732569708
20,3,10000,-1000,0,-0,-0.5782184794624029,1.4705991024969385
19,3,10000,-1000,0,-0,1.2434814673764927,2.4699307915370667
18,3,10000,-1000,0,-0,-5.1505071771190085,-4.8434841651414109
17,3,10000,-1000,0,-0,0.51568434291357634,1.1400173268402334
16,3,10000,-1000,0,-0,-3.3312695327517106,-3.2699280903006898
15,3,10000,-1000,0,-0,0.85003664821795344,0.73921085678900544
14,3,2,1,1,0,-1.6320122567163611,-0.88942241089771179
13,3,3,0,1,-2,1.6063483907484222,1.7486717888540673
12,3,4,-1,1,-0,-2.1812232241102665,-0.091450267437105826
11,3,5,-2,1,-0,-1.9556744233645404,-1.7858800962370169
10,3,6,-3,1,-0,-2.741910881671398,-2.8497886705924524
9,3,7,-4,1,-0,-2.1194155515086157,-1.9374210569292956
8,3,8,-5,1,-0,0.89749844038735216,2.0434266187116465
7,3,9,-6,1,-0,-0.058950351205328877,1.4183484713970786
6,3,10,-7,1,-0,1.009647494453072,1.4175916469870924
5,3,10000,-1000,0,-0,-1.5994565339324418,-0.48517779871838251
4,3,10000,-1000,0,-0,-0.16615822930795154,-0.19323407330150805
3,3,10000,-1000,0,-0,-0.41337604941547279,0.084346153931804946
2,3,10000,-1000,0,-0,-3.5369871398362225,-2.3513471262013512
1,3,10000,-1000,0,-0,2.4556261633318379,6.0951997900721295
95,3,10000,-1000,0,-0,-0.61854217300083913,-0.67254476859489909
94,3,10000,-1000,0,-0,0.56168115071371683,-0.10646616617289917
93,3,10000,-1000,0,-0,0.91610769543745463,1.3619156528527907
92,3,10000,-1000,0,-0,-0.96450846072085816,-1.3703337070846346
91,3,10000,-1000,0,-0,-1.4418134313258266,-0.80653028680425509
90,4,2,2,1,1,-2.1159300205474478,0.20023714249222779
89,4,3,1,1,-1,2.4783480965894769,0.51857161292811238
88,4,4,0,1,-3,-1.1058490280734026,-5.3114242394542295
87,4,5,-1,1,-0,1.9955906940536678,3.5631637522683128
86,4,6,-2,1,-0,1.7795732686604722,2.0048590684515397
85,4,7,-3,1,-0,-0.39570028034290328,-1.3181109377835134
84,4,8,-4,1,-0,0.34132244280219937,-0.73244996759999148
83,4,9,-5,1,-0,-2.0813056653851572,-2.6336639509475521
82,4,10,-6,1,-0,-0.030365001753651144,0.56009639938333411
81,4,10000,-1000,0,-0,1.066376931139323,0.53910152041440729
80,4,10000,-1000,0,-0,-0.37117712440720052,0.97066903935666493
79,4,10000,-1000,0,-0,-1.2131553488179765,-0.96931072033138277
78,4,10000,-1000,0,-0,-1.5200532633185726,-1.3241724739242597
77,4,10000,-1000,0,-0,-0.57664469979017341,-0.59216442841640737
76,4,10000,-1000,0,-0,1.105261791833569,0.80768446368179236
75,4,10000,-1000,0,-0,-1.2585679751557843,-1.4262471222172208
74,4,10000,-1000,0,-0,-0.70614576134110485,0.45033281859541541
73,4,10000,-1000,0,-0,-2.4916163591130052,-3.8303803683303199
72,4,10000,-1000,0,-0,0.23035840383616046,1.3171271790943435
71,4,2,2,1,1,1.756482392831475,3.4912056373823748
70,4,3,1,1,-1,0.71798278438970031,-0.34043169939405271
69,4,4,0,1,-3,-3.3677375706722921,-7.713550474925043
68,4,5,-1,1,-0,0.21166351925896099,0.55856878853678604
67,4,6,-2,1,-0,0.17225373277569733,-0.46615091420852028
66,4,7,-3,1,-0,-1.0598370502940648,0.064555304224614307
65,4,8,-4,1,-0,-0.26249162146631444,-1.0902246522812029
64,4,9,-5,1,-0,-1.8370101304037902,-3.6247902679192432
63,4,10,-6,1,-0,0.51179828821187379,-0.34221171435239162
62,4,10000,-1000,0,-0,-1.0198103015687245,-1.591833023925076
61,4,10000,-1000,0,-0,-2.9100706018877016,-3.7360012805968568
60,4,10000,-1000,0,-0,-1.0812214697334455,-1.3188055637799025
59,4,10000,-1000,0,-0,1.5546596799032324,0.95933318379552213
58,4,10000,-1000,0,-0,-1.0307385918016465,-1.4414807865612511
57,4,10000,-1000,0,-0,0.59325310441348622,0.92124454282214085
56,4,10000,-1000,0,-0,0.91870485140996527,-0.24494176027973602
55,4,10000,-1000,0,-0,-0.51527708219136759,0.24490058283104021
54,4,10000,-1000,0,-0,-1.0581963947218684,-1.0607522307722581
53,4,10000,-1000,0,-0,-1.3281534061812863,-1.3663811770962864
52,4,2,2,1,1,-2.1405239681246071,-1.4417530475611688
51,4,3,1,1,-1,-0.14724582878414377,-1.7028919332156138
50,4,4,0,1,-3,-0.96258165406779739,-3.1152862383525046
49,4,5,-1,1,-0,-3.9690694852193906,-2.5782489741767991
48,4,6,-2,1,-0,-2.6662024310085743,-1.4349562157587556
47,4,7,-3,1,-0,0.87218378784695993,-0.24115367430519241
46,4,8,-4,1,-0,-0.81309295205529553,-1.6091468447188617
45,4,9,-5,1,-0,0.70060260510871009,0.61108272796199115
44,4,10,-6,1,-0,2.3507110940145353,1.291054206153081
43,4,10000,-1000,0,-0,1.7212337875982895,0.11692159361821974
42,4,10000,-1000,0,-0,0.50881175082410512,1.3001624168493351
41,4,10000,-1000,0,-0,0.05632070264308886,0.12447723070206997
40,4,10000,-1000,0,-0,-0.81540555153839889,-0.20100955181031088
39,4,10000,-1000,0,-0,1.8795350072466439,0.67646725441945166
38,4,10000,-1000,0,-0,0.38547970620470606,0.045024870844074805
37,4,10000,-1000,0,-0,-2.3081227788615468,-3.4793714132846549
36,4,10000,-1000,0,-0,-0.75885533288707341,-1.5882701005222195
35,4,10000,-1000,0,-0,-3.4424983925373769,-3.2132863507323304
34,4,10000,-1000,0,-0,-0.819150240832621,-1.6341431591153595
33,4,2,2,1,1,1.477902439240705,1.1717339802315279
32,4,3,1,1,-1,-1.489250302477422,-3.9234720739852986
31,4,4,0,1,-3,-1.1763874471716695,-5.039235380408341
30,4,5,-1,1,-0,-0.77966951069962476,0.92412969311453019
29,4,6,-2,1,-0,0.40980700166021256,-0.24582559481376154
28,4,7,-3,1,-0,0.5104428250202292,-0.60272580060572156
27,4,8,-4,1,-0,0.34243509187409404,-1.0630703544942683
26,4,9,-5,1,-0,-1.3933654755707825,-1.5440091623584271
25,4,10,-6,1,-0,-2.5968626143248179,-2.9908695267535936
24,4,10000,-1000,0,-0,-1.1135960745720086,-0.86152675482413077
23,4,10000,-1000,0,-0,-0.098994317531148401,-0.38170075526310976
22,4,10000,-1000,0,-0,-1.7746780307519869,-0.90701041821780648
21,4,10000,-1000,0,-0,-0.62674574607439049,0.093345375213276238
20,4,10000,-1000,0,-0,-2.2991209020994097,-1.2430513006908848
19,4,10000,-1000,0,-0,-0.53461787127759852,-0.29111581089920402
18,4,10000,-1000,0,-0,-0.32585750035723154,0.78850516171408258
17,4,10000,-1000,0,-0,-0.7439903768644559,-0.82054309058933872
16,4,10000,-1000,0,-0,-0.77143963765164125,0.16148541629873225
15,4,10000,-1000,0,-0,2.1621046054369462,2.0041228667677977
14,4,2,2,1,1,1.169594960963467,0.94949386953832904
13,4,3,1,1,-1,-1.9270667209833121,-3.6359797126076798
12,4,4,0,1,-3,-0.2718481447129289,-4.0205277425543748
11,4,5,-1,1,-0,1.2356395665352724,1.8117170926819419
10,4,6,-2,1,-0,-0.6079957995092593,-0.66009526344022251
9,4,7,-3,1,-0,-3.7627986150551802,-4.3931357886506577
8,4,8,-4,1,-0,0.0028737343902757173,-0.89546233112047025
7,4,9,-5,1,-0,-3.4212602279755866,-1.908574352458307
6,4,10,-6,1,-0,-1.7565498728539892,-1.9932991656085943
5,4,10000,-1000,0,-0,1.4931254355832002,0.24432201398680253
4,4,10000,-1000,0,-0,0.4150101290331687,-0.01499920735235255
3,4,10000,-1000,0,-0,1.1395175639834512,1.2328170004511614
2,4,10000,-1000,0,-0,-0.055327837375308331,0.77771325133516922
1,4,10000,-1000,0,-0,-0.68963031455882506,-0.77456279267769934
95,4,10000,-1000,0,-0,-1.9287497482765006,-1.8168967092642452
94,4,10000,-1000,0,-0,1.9023980047342892,0.86296206188531754
93,4,10000,-1000,0,-0,-0.45346692565567975,0.34295588786524672
92,4,10000,-1000,0,-0,-1.6103770353062448,-1.5104736591482866
91,4,10000,-1000,0,-0,0.79487336035532807,1.5318331135461405
90,5,2,3,1,2,2.0514902815958433,4.2304112534592218
89,5,3,2,1,0,-0.88190375881521299,-1.1644503504584491
88,5,4,1,1,-2,-0.63286574091382453,-3.4001645194889143
87,5,5,0,1,-4,-0.66263134595400941,-5.2390355861971312
86,5,6,-1,1,-0,-0.61500887682436112,-1.529864716825124
85,5,7,-2,1,-0,-0.60441187757858394,-0.2345009162912064
84,5,8,-3,1,-0,-0.52111314408711851,-1.9887975073888096
83,5,9,-4,1,-0,1.5186930064114752,-0.22666897199660796
82,5,10,-5,1,-0,-0.99289398996451028,-1.6602757938859698
81,5,10000,-1000,0,-0,-0.6296955967320349,0.45458340975003086
80,5,10000,-1000,0,-0,0.5920810626199402,0.71491270405210294
79,5,10000,-1000,0,-0,1.146481678791941,0.65223228403884026
78,5,10000,-1000,0,-0,-1.080441416680856,-0.41085323276635688
77,5,10000,-1000,0,-0,-0.7704790347340631,-1.1219578880689907
76,5,10000,-1000,0,-0,0.44073505342289088,0.32575465254181135
75,5,10000,-1000,0,-0,1.0208432949834161,1.0938302367847375
74,5,10000,-1000,0,-0,-0.46885545965915931,0.61991915289382227
73,5,10000,-1000,0,-0,-1.8527894540136705,-0.56022071554793085
72,5,10000,-1000,0,-0,1.8325014226563734,3.115012716755432
71,5,2,3,1,2,-1.0079596397979513,1.3215101436311405
70,5,3,2,1,0,-0.25037931489148879,1.6292564028420138
69,5,4,1,1,-2,-2.2395903435016264,-2.1966913124502701
68,5,5,0,1,-4,0.49485881551741173,-2.1765648118624403
67,5,6,-1,1,-0,1.7188893821859423,1.4992207384493703
66,5,7,-2,1,-0,-2.0961426770182934,-3.136190108569596
65,5,8,-3,1,-0,-1.0891966982925152,-0.89624691558338565
64,5,9,-4,1,-0,-0.92672628554020764,-1.4819625374194514
63,5,10,-5,1,-0,-0.97363244561215667,-0.69864155576079479
62,5,10000,-1000,0,-0,-2.5610487622877116,-3.1115621673736613
61,5,10000,-1000,0,-0,0.41413591181654863,1.335395804910037
60,5,10000,-1000,0,-0,-1.9723072056624471,0.21714878670999993
59,5,10000,-1000,0,-0,-0.20333758877593752,0.76065720130654424
58,5,10000,-1000,0,-0,0.52216789031703637,1.2639863665896953
57,5,10000,-1000,0,-0,-0.4066701562229359,-0.36931359126346885
56,5,10000,-1000,0,-0,0.87321886838642171,3.0540525546211503
55,5,10000,-1000,0,-0,-0.20417984677398029,-0.28376505028144716
54,5,10000,-1000,0,-0,-0.93433787332945595,0.44195715549415804
53,5,10000,-1000,0,-0,0.58482927911407434,2.1601459559047891
52,5,2,3,1,2,1.9070382650324873,0.65381819212955539
51,5,3,2,1,0,-0.19542732453643774,-0.52535781185014074
50,5,4,1,1,-2,0.8272061867094449,-0.71570398762796339
49,5,5,0,1,-4,0.066868723567524629,-5.2372350338668561
48,5,6,-1,1,-0,-3.7054113608669512,-4.9965847997121706
47,5,7,-2,1,-0,-1.7777931549425134,-0.87141342327378768
46,5,8,-3,1,-0,-0.67188266023683663,-3.4678441554480628
45,5,9,-4,1,-0,0.10401467882626989,0.33757525014657308
44,5,10,-5,1,-0,-2.9243255061842457,-3.1933614448334064
43,5,10000,-1000,0,-0,0.95503220781843967,0.29648715280129778
42,5,10000,-1000,0,-0,-0.8835807224940686,-0.82023492942349052
41,5,10000,-1000,0,-0,-1.0578614407872464,-1.0033846017222559
40,5,10000,-1000,0,-0,-2.0002639750325928,-1.7532546515959544
39,5,10000,-1000,0,-0,-1.8808481704189859,-1.756812622513227
38,5,10000,-1000,0,-0,-0.10785754961004912,-0.64311424921765636
37,5,10000,-1000,0,-0,0.4240042976406625,0.68248688902662336
36,5,10000,-1000,0,-0,-2.6368854603038661,-1.2491765923463145
35,5,10000,-1000,0,-0,-1.3531021135649126,-0.68593166726522892
34,5,10000,-1000,0,-0,0.45500036782570652,1.9520498199063958
33,5,2,3,1,2,2.3681316612588916,4.9512075046296271
32,5,3,2,1,0,1.2885042826465813,1.7918628089284057
31,5,4,1,1,-2,0.52511849619423667,-2.2181291857810135
30,5,5,0,1,-4,-0.1682562975357961,-4.9851338829896576
29,5,6,-1,1,-0,0.15397633548736014,2.0242600165493299
28,5,7,-2,1,-0,-1.0027177476263092,-1.8299707916725718
27,5,8,-3,1,-0,0.56329563593764409,1.5140083295219198
26,5,9,-4,1,-0,1.5637666728998185,1.2975943218391179
25,5,10,-5,1,-0,1.0979459298092653,-0.0011362518873392347
24,5,10000,-1000,0,-0,-1.1287317044089662,-2.6629492474825764
23,5,10000,-1000,0,-0,-2.0745367913869952,-3.2808466510209131
22,5,10000,-1000,0,-0,-0.30272535528362876,-2.2527506281429428
21,5,10000,-1000,0,-0,0.34360937969232508,-0.54043064993949186
20,5,10000,-1000,0,-0,1.4120636313222623,2.3854696165238636
19,5,10000,-1000,0,-0,-1.7220257291482379,-2.3029970449837132
18,5,10000,-1000,0,-0,0.25379348945705527,1.9905608709690918
17,5,10000,-1000,0,-0,0.10013601505423383,-0.072539303098983099
16,5,10000,-1000,0,-0,1.227701652638161,0.28970912088909861
15,5,10000,-1000,0,-0,-0.20675664015392964,-0.49135029994698004
14,5,2,3,1,2,-1.5203396057826963,0.035728968188393218
13,5,3,2,1,0,-0.7814373769411761,-0.72144080347194628
12,5,4,1,1,-2,-0.59912049871926099,-2.5168875498540491
11,5,5,0,1,-4,2.5855380769952943,-0.6560643993175308
10,5,6,-1,1,-0,2.6982142309607569,3.2378772218640961
9,5,7,-2,1,-0,-0.36969867768685727,0.4069489688456337
8,5,8,-3,1,-0,-1.3992463534962392,-1.2670746888218025
7,5,9,-4,1,-0,-2.490197653212324,-3.2970629530030631
6,5,10,-5,1,-0,0.43022906199621003,0.87957914778280311
5,5,10000,-1000,0,-0,-1.4543137262067665,-1.0416722693736162
4,5,10000,-1000,0,-0,2.5081779664269117,2.1045639173149251
3,5,10000,-1000,0,-0,-1.213697296740577,-1.6017855742179967
2,5,10000,-1000,0,-0,-0.04355269175194168,1.0516350560883487
1,5,10000,-1000,0,-0,4.299238393505763,5.639718436558895
95,5,10000,-1000,0,-0,-1.475840504039996,-1.3614349573643483
94,5,10000,-1000,0,-0,0.18708972915939784,-0.20517489112222323
93,5,10000,-1000,0,-0,-1.4734742958022573,0.17888354739528367
92,5,10000,-1000,0,-0,0.23415151880144378,-1.0095460899731659
91,5,10000,-1000,0,-0,-1.1991949467788794,-2.1111208175584379
90,6,2,4,1,3,-0.17453039859118732,1.9001566063095614
89,6,3,3,1,1,-1.215124666940123,0.67845654750108331
88,6,4,2,1,-1,0.18724810536308281,-1.753761632448789
87,6,5,1,1,-3,1.3381208860372054,-1.1229270198612418
86,6,6,0,1,-5,2.0452933955454569,-3.1366810025598788
85,6,7,-1,1,-0,-1.4375595268544472,-0.54579193188932507
84,6,8,-2,1,-0,-0.11905029253287411,1.2101579127020394
83,6,9,-3,1,-0,1.535144085911931,1.4316779607054548
82,6,10,-4,1,-0,-1.1340959621479927,-0.51903135142566903
81,6,10000,-1000,0,-0,-2.7944454337072457,-4.5942178290434468
80,6,10000,-1000,0,-0,-0.92475020650817497,-1.1874553481511843
79,6,10000,-1000,0,-0,-0.96153943171755207,-2.1716813085959723
78,6,10000,-1000,0,-0,0.22974175613670728,0.43421900868757801
77,6,10000,-1000,0,-0,-0.29999260320920806,-0.31398670772111881
76,6,10000,-1000,0,-0,0.4457648727779121,0.21056403295902615
75,6,10000,-1000,0,-0,-0.32187063928721671,-0.51018929352517073
74,6,10000,-1000,0,-0,0.61320207227951151,1.5644851411200165
73,6,10000,-1000,0,-0,-0.25569674233576578,-0.40971152830926072
72,6,10000,-1000,0,-0,1.5711585010937663,3.4254030058456233
71,6,2,4,1,3,0.51523050348682875,3.8745302053872903
70,6,3,3,1,1,-0.86481447611463769,2.2497204700950633
69,6,4,2,1,-1,0.41818824532483445,-1.7175607415183287
68,6,5,1,1,-3,0.11795582175256296,-3.6783001640317758
67,6,6,0,1,-5,-1.8036208008944909,-7.2011902510452428
66,6,7,-1,1,-0,0.0046699742857354565,0.096394015831317514
65,6,8,-2,1,-0,1.5595503391691967,1.3208562650339202
64,6,9,-3,1,-0,0.97394769687041272,0.5119853331710269
63,6,10,-4,1,-0,0.34216196682630073,2.2685025741759044
62,6,10000,-1000,0,-0,-1.2257776962514917,-1.1037228814288664
61,6,10000,-1000,0,-0,1.5466540375535986,2.6387046140598862
60,6,10000,-1000,0,-0,0.26697265679520582,-2.7052848186522076
59,6,10000,-1000,0,-0,-0.3563875416224962,0.77210150934278121
58,6,10000,-1000,0,-0,2.1017162744963023,3.413716403509933
57,6,10000,-1000,0,-0,-0.72950355245976461,-1.2121115255248043
56,6,10000,-1000,0,-0,0.53013351028534172,0.30527451363152092
55,6,10000,-1000,0,-0,1.6787382735438683,3.3465035844232376
54,6,10000,-1000,0,-0,0.88099449319689049,0.9222130255134966
53,6,10000,-1000,0,-0,-0.18645065577436651,0.85172418977702169
52,6,2,4,1,3,0.59091636770839784,3.4326167905627645
51,6,3,3,1,1,0.77681259479050158,1.4847271798989226
50,6,4,2,1,-1,0.19583550834711222,-2.2240634549921028
49,6,5,1,1,-3,1.7218372892447356,-3.4164807359637397
48,6,6,0,1,-5,0.096704446673582883,-4.925795658229017
47,6,7,-1,1,-0,-0.64815041455333555,-0.37837946092839259
46,6,8,-2,1,-0,0.80480642040280692,0.30183702137176471
45,6,9,-3,1,-0,-2.410881144109946,-1.7800737537422329
44,6,10,-4,1,-0,0.63416408420338422,1.108729292619935
43,6,10000,-1000,0,-0,0.75741807976229225,0.41675901818585631
42,6,10000,-1000,0,-0,-0.090010205691188866,-0.040408646169041953
41,6,10000,-1000,0,-0,-1.1375249744099976,0.15773821645009756
40,6,10000,-1000,0,-0,-0.28972935415018419,0.024894850808121871
39,6,10000,-1000,0,-0,1.9934768415416666,2.7950493452440002
38,6,10000,-1000,0,-0,-0.69888841143835356,-0.21282951520589544
37,6,10000,-1000,0,-0,-2.5634175019376411,-0.83785644528681247
36,6,10000,-1000,0,-0,1.1275591056324343,1.2299919663832355
35,6,10000,-1000,0,-0,-0.41454340154955993,-1.4043804764888961
34,6,10000,-1000,0,-0,-0.4257854283652388,-0.8862266373641261
33,6,2,4,1,3,0.147506977833331,2.8781097136624254
32,6,3,3,1,1,0.99723893915641271,1.8276848694997718
31,6,4,2,1,-1,-0.51570777762665221,-0.85083880436004433
30,6,5,1,1,-3,-0.53830230180892269,-4.3138532170142678
29,6,6,0,1,-5,1.4614358942578876,-5.4578252367713578
28,6,7,-1,1,-0,-0.1165834377950207,1.9027491018383558
27,6,8,-2,1,-0,-0.013732512265857005,0.42147800260315804
26,6,9,-3,1,-0,-0.56066718578488517,0.48950164636996563
25,6,10,-4,1,-0,1.2310923892856267,0.91897754863522607
24,6,10000,-1000,0,-0,-0.99318337536539159,-0.89956575806084604
23,6,10000,-1000,0,-0,1.1710025614840818,-0.98218518910248709
22,6,10000,-1000,0,-0,1.1198775052731729,1.4778705762996609
21,6,10000,-1000,0,-0,-0.37496850587675534,0.092896305452719985
20,6,10000,-1000,0,-0,1.1700280645782741,0.26333922970193546
19,6,10000,-1000,0,-0,1.3324491350006851,0.80309921947393637
18,6,10000,-1000,0,-0,0.84976340057561117,2.1933401174307576
17,6,10000,-1000,0,-0,2.5511361137617437,3.0205701703852244
16,6,10000,-1000,0,-0,-2.1297935959101153,-2.3828986836605393
15,6,10000,-1000,0,-0,-1.1936156215460725,-0.82451190621764703
14,6,2,4,1,3,0.3708452614547324,4.5427806870753322
13,6,3,3,1,1,2.0343302314200562,1.12559388649376
12,6,4,2,1,-1,2.1438164462048568,0.13942563558086496
11,6,5,1,1,-3,0.74724632701673921,-1.5760661593241521
10,6,6,0,1,-5,1.2055447419947101,-2.6421335137882673
9,6,7,-1,1,-0,0.003908855742497358,-1.7288510618208084
8,6,8,-2,1,-0,0.72455903117232534,1.3258678877583889
7,6,9,-3,1,-0,0.61568750714684162,0.95733782122134325
6,6,10,-4,1,-0,-0.71946353024718246,-0.75474453931290209
5,6,10000,-1000,0,-0,-0.17033489853227954,-0.7964999183280107
4,6,10000,-1000,0,-0,0.015688219076637006,-0.84028299066944701
3,6,10000,-1000,0,-0,1.8103524749221294,1.9621303168959225
2,6,10000,-1000,0,-0,-1.0434243738403783,0.16294832000575665
1,6,10000,-1000,0,-0,-2.3082189835973885,-3.7967968668000562
95,6,10000,-1000,0,-0,1.0759419981468201,0.02556787507805991
94,6,10000,-1000,0,-0,-0.78417429770829994,0.85369981920028826
93,6,10000,-1000,0,-0,-0.33799483100352079,-1.5453290122067975
92,6,10000,-1000,0,-0,1.2361057936554189,-1.3900492909473461
91,6,10000,-1000,0,-0,-0.72186550266879768,-0.70440223651777856
90,7,2,5,1,4,2.8086195378778513,6.8213393752099769
89,7,3,4,1,2,1.3260412185808548,2.4525910853918926
88,7,4,3,1,0,1.3471717317398544,1.6899720160810732
87,7,5,2,1,-2,0.31395879476107325,-1.863428959521404
86,7,6,1,1,-4,-1.208105066927581,-4.2866718123369747
85,7,7,0,1,-6,-1.7558525171264341,-7.4549081149168908
84,7,8,-1,1,-0,0.18198513916484332,0.8753718918746427
83,7,9,-2,1,-0,3.5685319743782848,3.8940038806570594
82,7,10,-3,1,-0,0.85939873921286525,1.2674497619417397
81,7,10000,-1000,0,-0,0.77214271633885256,1.5319849722298664
80,7,10000,-1000,0,-0,1.0282155341223356,-1.2589379863280783
79,7,10000,-1000,0,-0,-0.064303920314788154,0.45353434127366921
78,7,10000,-1000,0,-0,-1.6068923780034705,-2.954128636289556
77,7,10000,-1000,0,-0,4.5943737841980239,4.957533643066351
76,7,10000,-1000,0,-0,-0.12286648705353531,1.1918860776047353
75,7,10000,-1000,0,-0,0.067508709630999031,-0.38079720127679512
74,7,10000,-1000,0,-0,-2.2059217531973032,-3.0140862214565534
73,7,10000,-1000,0,-0,0.14451026480409329,0.05824176576451344
72,7,10000,-1000,0,-0,0.1455821997203306,1.7310064722411695
71,7,2,5,1,4,-2.1976975857255026,1.951064625927466
70,7,3,4,1,2,3.2381782397117611,4.6917435715677218
69,7,4,3,1,0,3.2061004496412795,2.6784248623771645
68,7,5,2,1,-2,1.5715238675236338,-0.56834769196841473
67,7,6,1,1,-4,-1.1533244185238587,-6.7427358329737066
66,7,7,0,1,-6,1.6094348681538531,-3.1564609661584724
65,7,8,-1,1,-0,0.14685091759372748,-0.1886039307383775
64,7,9,-2,1,-0,0.035266263954232879,-1.9657362428556382
63,7,10,-3,1,-0,2.5958779543996142,2.5784195516612458
62,7,10000,-1000,0,-0,-1.3468308724905129,-1.5877977683341276
61,7,10000,-1000,0,-0,-0.25608946267189869,-2.0480788615944232
60,7,10000,-1000,0,-0,-0.59088637262198385,1.4588051386050238
59,7,10000,-1000,0,-0,0.55203378325614216,-0.56518382825473545
58,7,10000,-1000,0,-0,-1.8718827154470032,-3.2254322602646419
57,7,10000,-1000,0,-0,-0.54848160681260405,-0.097179295781685271
56,7,10000,-1000,0,-0,1.6116002261319915,2.6448276509824891
55,7,10000,-1000,0,-0,1.2300157481071869,1.0341300529932989
54,7,10000,-1000,0,-0,-0.96028004666579603,-0.73296965988505058
53,7,10000,-1000,0,-0,1.3730853941150505,0.27088564412756155
52,7,2,5,1,4,0.0037633340481324495,4.3165937799606429
51,7,3,4,1,2,1.6071881911657693,3.7081939043648995
50,7,4,3,1,0,-0.48106452213129269,0.26705089215894495
49,7,5,2,1,-2,0.46656802158618305,-0.53447108362020745
48,7,6,1,1,-4,-1.9029650119865886,-6.6354803209997462
47,7,7,0,1,-6,1.8122885039170171,-3.7068162559721953
46,7,8,-1,1,-0,-2.2942678348511762,-3.2837181431085329
45,7,9,-2,1,-0,0.029384656094541606,2.2589437044402918
44,7,10,-3,1,-0,0.1334913603935774,0.59022795998244959
43,7,10000,-1000,0,-0,0.61469217520509356,0.57887673162043629
42,7,10000,-1000,0,-0,-0.73135923936131231,-1.221801945781072
41,7,10000,-1000,0,-0,3.3067699601065295,3.0862033489257144
40,7,10000,-1000,0,-0,-1.6543203507940207,-2.7555297115790101
39,7,10000,-1000,0,-0,0.9087613475171451,0.97223181887419607
38,7,10000,-1000,0,-0,-3.9522808356647841,-3.3687549025776455
37,7,10000,-1000,0,-0,0.52564857912388696,0.012289732929127939
36,7,10000,-1000,0,-0,1.2976684058639969,0.48511628393641193
35,7,10000,-1000,0,-0,-1.1289414514113845,-2.758261356925948
34,7,10000,-1000,0,-0,1.594707690771735,2.1636133972835099
33,7,2,5,1,4,2.0079146539077835,5.7965920945388376
32,7,3,4,1,2,-0.76156771796430756,0.68733435163645373
31,7,4,3,1,0,-0.95522344525781733,-0.69686231631668272
30,7,5,2,1,-2,-2.1742489447041411,-5.5494593911151364
29,7,6,1,1,-4,0.031181024241446975,-5.4415731248612511
28,7,7,0,1,-6,-1.5156451709635883,-8.9608548438094537
27,7,8,-1,1,-0,1.5693258453246171,1.2080374207034466
26,7,9,-2,1,-0,0.63045892768952516,1.4211688924201555
25,7,10,-3,1,-0,3.854713095377527,4.569370941701516
24,7,10000,-1000,0,-0,-1.2400265165859001,-1.8051800338839126
23,7,10000,-1000,0,-0,2.3204676795572166,3.7384819829863387
22,7,10000,-1000,0,-0,-0.28066798116295688,-1.4264247621529584
21,7,10000,-1000,0,-0,-1.6949749499448536,-2.187792772897232
20,7,10000,-1000,0,-0,1.3940119583014867,0.6609596846454967
19,7,10000,-1000,0,-0,-1.6595886392234731,-1.5003565588689427
18,7,10000,-1000,0,-0,-1.0839900412111589,-2.8351830004306358
17,7,10000,-1000,0,-0,-0.59380380739865124,0.59102705965379532
16,7,10000,-1000,0,-0,0.84296669173935568,2.0499982927601224
15,7,10000,-1000,0,-0,-0.99835737703738647,-0.020708050506882292
14,7,2,5,1,4,-1.3028333963279595,3.8534300262699341
13,7,3,4,1,2,0.8516872414406611,3.3384835781931734
12,7,4,3,1,0,0.73974620836288119,1.6985948711579415
11,7,5,2,1,-2,-1.1000697835142605,-2.922277412325482
10,7,6,1,1,-4,-0.1303809518664143,-3.838130070832356
9,7,7,0,1,-6,-0.47671486417369013,-8.5900555488270545
8,7,8,-1,1,-0,1.9821428832656087,1.4440949724445176
7,7,9,-2,1,-0,2.8902399958609539,3.9042655806141244
6,7,10,-3,1,-0,-1.0620910211980403,-0.96082137972418824
5,7,10000,-1000,0,-0,1.9382767367661229,0.71956936521803971
4,7,10000,-1000,0,-0,0.40714520769693635,-0.55123158509421732
3,7,10000,-1000,0,-0,-2.4720440328750204,-3.0278415174810034
2,7,10000,-1000,0,-0,-0.62849223102318741,1.4933836806200986
1,7,10000,-1000,0,-0,1.2238277975331728,1.0442378099722212
95,7,10000,-1000,0,-0,0.74281998449810915,0.098084576255369704
94,7,10000,-1000,0,-0,-3.1951571374172634,-5.2877409091738024
93,7,10000,-1000,0,-0,1.405200452258704,-0.49667038544015174
92,7,10000,-1000,0,-0,1.5189424461778769,2.7411927224994699
91,7,10000,-1000,0,-0,0.058517927153142635,-0.79270251422701543
90,8,2,6,1,5,4.5566999342064394,9.2275971322419217
89,8,3,5,1,3,0.70165967600159385,1.3752501485614863
88,8,4,4,1,1,0.84374137480917588,4.0367393743456796
87,8,5,3,1,-1,-1.2308586670539685,-3.3133386434508969
86,8,6,2,1,-3,-1.6435071486089439,-5.1498681159690065
85,8,7,1,1,-5,-1.9782766914201337,-6.8823577345870968
84,8,8,0,1,-7,0.08089226567258001,-7.039272992268983
83,8,9,-1,1,-0,3.414817729574255,1.8961500998996936
82,8,10,-2,1,-0,4.1494668684908724,2.6388818056479235
81,8,10000,-1000,0,-0,3.8027212804742336,5.1983262087045308
80,8,10000,-1000,0,-0,3.2948249149727715,2.5864029708928102
79,8,10000,-1000,0,-0,0.42565915912554253,1.2535975122355336
78,8,10000,-1000,0,-0,-1.4191502134630389,0.28860562375053211
77,8,10000,-1000,0,-0,0.25695867972962871,-0.52220787714194505
76,8,10000,-1000,0,-0,-3.6412155986769816,-4.3481146673489643
75,8,10000,-1000,0,-0,0.28317505899604756,-1.709727451519313
74,8,10000,-1000,0,-0,3.9738481016409666,5.8737246345518948
73,8,10000,-1000,0,-0,1.1148291170859661,0.35862218121330258
72,8,10000,-1000,0,-0,2.9192132812067051,2.5412575014824812
71,8,2,6,1,5,-0.58657264883755234,5.1553855104700581
70,8,3,5,1,3,4.130326978998303,8.7413029750121289
69,8,4,4,1,1,0.72337243923865968,1.9507598861339912
68,8,5,3,1,-1,-0.95428674155641946,-2.354802415473781
67,8,6,2,1,-3,1.0020835263946699,-3.6674968732483944
66,8,7,1,1,-5,-1.9697567326825594,-5.47905563538046
65,8,8,0,1,-7,2.4851791504387708,-3.8233334163628308
64,8,9,-1,1,-0,1.8078622720592938,1.7668847953944982
63,8,10,-2,1,-0,0.2065285733042842,1.4108734259826998
62,8,10000,-1000,0,-0,-0.043386075513608513,1.2551288880567331
61,8,10000,-1000,0,-0,2.6207786306719814,2.1585616099120637
60,8,10000,-1000,0,-0,-1.1167007479664726,-2.3424744957886556
59,8,10000,-1000,0,-0,-0.96974579088182422,-0.0064790367760652057
58,8,10000,-1000,0,-0,1.6632765573143118,2.3564877852751933
57,8,10000,-1000,0,-0,0.026017990362748988,-0.47537517556338993
56,8,10000,-1000,0,-0,2.5998180461986204,5.7537894631823372
55,8,10000,-1000,0,-0,0.49854140222552351,-2.0505654927914163
54,8,10000,-1000,0,-0,3.1042681926538682,3.0961301078247816
53,8,10000,-1000,0,-0,1.796598273367614,2.9353789143389131
52,8,2,6,1,5,-1.6271286737426967,4.3487163352211358
51,8,3,5,1,3,3.2686822921244127,6.4170325854076324
50,8,4,4,1,1,2.161708834146586,3.9506175914543098
49,8,5,3,1,-1,-0.93840873771426725,-1.3808275180065603
48,8,6,2,1,-3,-1.6466179306570234,-4.6740123236999302
47,8,7,1,1,-5,2.8028586485368612,-3.0742163102633802
46,8,8,0,1,-7,-0.64803083044579679,-6.4317873597173927
45,8,9,-1,1,-0,4.2390948988782036,3.8878450866032814
44,8,10,-2,1,-0,4.1826531390977575,3.8882600217242165
43,8,10000,-1000,0,-0,-1.8502514804807171,-1.5971136710217548
42,8,10000,-1000,0,-0,-0.71138082234678757,-0.69988283652033623
41,8,10000,-1000,0,-0,-1.4683851845775044,-3.4441691468025684
40,8,10000,-1000,0,-0,2.117750285736578,1.6914235618750086
39,8,10000,-1000,0,-0,-1.5437256429570145,-0.93142308284685615
38,8,10000,-1000,0,-0,-2.9354079477435926,-1.7045938389078887
37,8,10000,-1000,0,-0,4.6497768062536018,3.3789689982239191
36,8,10000,-1000,0,-0,2.7510760945134352,2.1005204310098389
35,8,10000,-1000,0,-0,2.3979356872981192,-0.045230549887244287
34,8,10000,-1000,0,-0,-0.371673890640417,0.62487470387804922
33,8,2,6,1,5,2.0287203066814881,7.8197450705192217
32,8,3,5,1,3,-1.5259032227234068,0.91090524048544896
31,8,4,4,1,1,0.63759013962940969,1.8514163423283063
30,8,5,3,1,-1,1.1985816067664508,1.1756642708686753
29,8,6,2,1,-3,4.0353603727845915,0.80119927014877046
28,8,7,1,1,-5,2.0707109628181821,-2.0806284832270499
27,8,8,0,1,-7,3.2676684525599011,-3.0783606568747519
26,8,9,-1,1,-0,1.1327692083487724,-0.45780081792510519
25,8,10,-2,1,-0,-1.2103747273098766,-0.90095159439596517
24,8,10000,-1000,0,-0,0.23477301191995159,-2.2512091779656522
23,8,10000,-1000,0,-0,-2.243078616050691,-2.5215177233468031
22,8,10000,-1000,0,-0,2.6068620936070301,2.0544283342734895
21,8,10000,-1000,0,-0,3.5193525339521647,4.3953946067424345
20,8,10000,-1000,0,-0,0.75266807195568686,1.046151766397182
19,8,10000,-1000,0,-0,-0.96428826653656297,-1.5615103134084602
18,8,10000,-1000,0,-0,2.9028728252995171,2.7456692219919625
17,8,10000,-1000,0,-0,1.1304879648494763,1.3146730251278382
16,8,10000,-1000,0,-0,0.14764231789130733,-0.8653896964074852
15,8,10000,-1000,0,-0,2.971004883534047,2.2911614787942187
14,8,2,6,1,5,3.0184524720737147,6.4834337355944243
13,8,3,5,1,3,-0.70543801148436713,1.770021975405224
12,8,4,4,1,1,1.6018775178066971,2.5833501323485253
11,8,5,3,1,-1,2.5367865044983358,-0.03136066666063364
10,8,6,2,1,-3,-1.6269180275342783,-4.1590663533388863
9,8,7,1,1,-5,1.6144251592913135,-4.0534037046901386
8,8,8,0,1,-7,0.66129090244148303,-6.0276267379709942
7,8,9,-1,1,-0,2.1335623252556557,2.2761133294241991
6,8,10,-2,1,-0,-0.60468807996373919,-0.97872280069455164
5,8,10000,-1000,0,-0,0.70729262247515201,-1.2376337535606092
4,8,10000,-1000,0,-0,3.4547590718517425,1.8570777577813549
3,8,10000,-1000,0,-0,1.1850216601575481,-1.3556362008216123
2,8,10000,-1000,0,-0,2.4092813409756761,3.7713285905166418
1,8,10000,-1000,0,-0,0.45689046641690123,0.096224463065069044
95,8,10000,-1000,0,-0,-1.0549610122264288,0.88143629863765627
94,8,10000,-1000,0,-0,0.84952244866260385,-0.60636134886885285
93,8,10000,-1000,0,-0,-1.4207228808669123,0.061182827430366737
92,8,10000,-1000,0,-0,-3.9846532421134704,-2.9085336060655727
91,8,10000,-1000,0,-0,3.0561572479074441,2.2986688465414695
90,9,2,7,1,6,-2.8321977389397204,3.7491868902931764
89,9,3,6,1,4,3.4254036941851029,7.2786797917590693
88,9,4,5,1,2,1.1916255171772328,4.6986072946285207
87,9,5,4,1,0,-0.11200213702281747,-0.39153478026799327
86,9,6,3,1,-2,0.82325724797726474,0.85099598127597298
85,9,7,2,1,-4,0.27313559479911254,-4.9226046010301303
84,9,8,1,1,-6,3.4284577211382143,-1.2592243871880009
83,9,9,0,1,-8,2.8318377152326035,-5.6921697975385133
82,9,10,-1,1,-0,-2.6116188257164725,-2.2573693165751711
81,9,10000,-1000,0,-0,2.0017487657267807,1.9300742780442868
80,9,10000,-1000,0,-0,2.8299590305043578,2.6968147242193297
79,9,10000,-1000,0,-0,2.7000930189254366,2.6120156345561338
78,9,10000,-1000,0,-0,-4.1590420256229557,-3.2412530943123183
77,9,10000,-1000,0,-0,0.69592689298371069,0.72736615735346266
76,9,10000,-1000,0,-0,5.6086305490850954,6.9675611312129586
75,9,10000,-1000,0,-0,2.9851719992258072,3.0986668443250105
74,9,10000,-1000,0,-0,-2.5731278752482827,-2.3988213289081965
73,9,10000,-1000,0,-0,-2.4719735119869104,-2.5254539166717653
72,9,10000,-1000,0,-0,2.3071828235661136,1.8824247895229616
71,9,2,7,1,6,3.3500133540189836,10.342936271808103
70,9,3,6,1,4,1.8696223597564123,6.683480248207724
69,9,4,5,1,2,1.3975854233726173,4.3935910072061262
68,9,5,4,1,0,1.6252840439104015,3.3580283148300798
67,9,6,3,1,-2,1.5866768910132167,-0.056281074555060151
66,9,7,2,1,-4,-1.5979529804826549,-5.4422266459005053
65,9,8,1,1,-6,6.4289556796145373,1.9817443358769991
64,9,9,0,1,-8,-1.9138008703233584,-9.9778704881688842
63,9,10,-1,1,-0,1.180314693126354,0.17209593496267228
62,9,10000,-1000,0,-0,0.0106696772888768,-0.88222584636816459
61,9,10000,-1000,0,-0,5.2104648169867893,4.5559501957666431
60,9,10000,-1000,0,-0,3.4612418926299036,2.0274590641086996
59,9,10000,-1000,0,-0,-0.032352042630785949,1.3858323105674852
58,9,10000,-1000,0,-0,1.6735439682771505,1.0796583029838223
57,9,10000,-1000,0,-0,3.8028520477667334,4.9218238458089161
56,9,10000,-1000,0,-0,6.177951002802601,8.5620325660937304
55,9,10000,-1000,0,-0,1.8883382075767368,1.4850517134219465
54,9,10000,-1000,0,-0,-1.0942768454325265,-0.72416828698878022
53,9,10000,-1000,0,-0,-0.96349793478435686,-1.5387909485187694
52,9,2,7,1,6,-3.3744570727985583,1.5466281376795616
51,9,3,6,1,4,7.9953695745199909,13.17386090380047
50,9,4,5,1,2,0.6382757551772692,3.507878528356303
49,9,5,4,1,0,0.21011983262993583,1.1412861424284415
48,9,6,3,1,-2,1.5673931069136426,0.59207433451266733
47,9,7,2,1,-4,3.288128918591489,-0.098896025303542245
46,9,8,1,1,-6,1.8895873473579741,-3.5022225711637063
45,9,9,0,1,-8,-3.1206782476843258,-12.01356995792406
44,9,10,-1,1,-0,2.0020553148974702,2.4540909212145441
43,9,10000,-1000,0,-0,2.2169460864087256,1.842233779386985
42,9,10000,-1000,0,-0,2.6807745784626391,5.5209597235005585
41,9,10000,-1000,0,-0,-1.0696891053281288,-0.33729565209308932
40,9,10000,-1000,0,-0,-4.0408384929957659,-3.2003195647497331
39,9,10000,-1000,0,-0,0.49804528441491847,-1.7216068329338796
38,9,10000,-1000,0,-0,-0.87645829647029139,-2.2039220785423885
37,9,10000,-1000,0,-0,-0.48075942859350329,-1.4574201267386471
36,9,10000,-1000,0,-0,-0.89748545641120714,-1.484561328440781
35,9,10000,-1000,0,-0,0.33518649935054545,-0.23282631592539194
34,9,10000,-1000,0,-0,0.52767521013265728,1.1713161668588645
33,9,2,7,1,6,3.4057672951723008,9.1071892694656125
32,9,3,6,1,4,-0.54428475373620877,4.6452778054935262
31,9,4,5,1,2,0.53299623693829057,0.42405503308023906
30,9,5,4,1,0,2.0195948637320367,1.9463128597365749
29,9,6,3,1,-2,4.3203607521150307,3.1837636213887652
28,9,7,2,1,-4,1.0935736679889456,-1.831718870560183
27,9,8,1,1,-6,-2.5500553956777985,-8.7559080258937971
26,9,9,0,1,-8,1.732167849190585,-6.7014459832674831
25,9,10,-1,1,-0,0.95379889932380169,0.77157511491566255
24,9,10000,-1000,0,-0,5.1492066288391367,4.7181279558606777
23,9,10000,-1000,0,-0,1.9796219221140485,1.5550123116821239
22,9,10000,-1000,0,-0,-0.16394923283803342,-1.5177689092688331
21,9,10000,-1000,0,-0,0.24310265463966985,0.046507705657454573
20,9,10000,-1000,0,-0,0.097219153238964795,0.33133529004631812
19,9,10000,-1000,0,-0,1.630547854556974,1.0733415605378656
18,9,10000,-1000,0,-0,1.6092172285508433,0.49589195361661265
17,9,10000,-1000,0,-0,3.2492251976600661,1.6185897717998314
16,9,10000,-1000,0,-0,1.928065068134843,1.5402411866741281
15,9,10000,-1000,0,-0,0.40464588242632626,2.1272778990619452
14,9,2,7,1,6,2.6256634853076051,7.9890026392203177
13,9,3,6,1,4,1.0793388274686664,7.8607259613245244
12,9,4,5,1,2,1.623456521366331,1.666200644972877
11,9,5,4,1,0,3.6657372909142145,3.8082651872732143
10,9,6,3,1,-2,5.1038338287777609,3.7683326277013784
9,9,7,2,1,-4,-0.89756794895854908,-5.3761954414434658
8,9,8,1,1,-6,4.8643963868004167,0.048085969922390781
7,9,9,0,1,-8,-0.7044237415870751,-7.8989864502646636
6,9,10,-1,1,-0,1.8086857951571493,1.8620035530574948
5,9,10000,-1000,0,-0,1.7111372858834522,0.54379087063404841
4,9,10000,-1000,0,-0,0.60376932213820889,0.92711947800572636
3,9,10000,-1000,0,-0,4.3102956253144065,3.989512602880255
2,9,10000,-1000,0,-0,-0.24348927018343125,-1.1294395342845436
1,9,10000,-1000,0,-0,2.6829490632527637,2.8342272350908062
95,9,10000,-1000,0,-0,1.1885338972379296,1.7678973692833697
94,9,10000,-1000,0,-0,-0.84802781340825195,-0.92719463958472181
93,9,10000,-1000,0,-0,3.9120347216851412,4.7608023569903022
92,9,10000,-1000,0,-0,-3.4138672825313514,-5.9249007696637186
91,9,10000,-1000,0,-0,0.050962628275194488,0.789439742652571
90,10,2,8,1,7,2.0645267758984067,9.3510657922604103
89,10,3,7,1,5,2.244401238882896,8.3920210947703087
88,10,4,6,1,3,-1.3046643929524873,1.8348943091205903
87,10,5,5,1,1,3.2362055458668069,4.3251321546655674
86,10,6,4,1,-1,-1.0844192274664701,-4.7145785444596369
85,10,7,3,1,-3,3.2573706097285244,-0.95985022239333251
84,10,8,2,1,-5,2.176165467353735,-2.0746819537960843
83,10,9,1,1,-7,3.4012528962507877,-5.0146800278615755
82,10,10,0,1,-9,-0.8421526854768433,-9.9545353473145166
81,10,10000,-1000,0,-0,1.8105856761144847,2.1146176821573825
80,10,10000,-1000,0,-0,0.37835990046839862,0.024347095520350026
79,10,10000,-1000,0,-0,-2.2031119255156026,-3.0543544150450557
78,10,10000,-1000,0,-0,1.9576960077238739,0.49652293255450974
77,10,10000,-1000,0,-0,6.1172400844189063,6.3814919306327749
76,10,10000,-1000,0,-0,-0.096979803304297452,-2.0043377473215647
75,10,10000,-1000,0,-0,1.0532006285575135,0.12796936232685796
74,10,10000,-1000,0,-0,3.3344564382131354,3.2228851452683749
73,10,10000,-1000,0,-0,1.6586616770343361,0.69342725160165775
72,10,10000,-1000,0,-0,6.5528650310706062,6.3899661072172327
71,10,2,8,1,7,7.5222617484990106,14.540360523476322
70,10,3,7,1,5,2.4611872084942887,7.5984496643307988
69,10,4,6,1,3,-1.3436188178886366,3.2552672533593392
68,10,5,5,1,1,2.6470259930871061,3.5357251444066562
67,10,6,4,1,-1,-0.80641774067835703,-1.5209618671122453
66,10,7,3,1,-3,-1.018121433690935,-6.0020313297576546
65,10,8,2,1,-5,1.0797402646139476,-3.8895195172786812
64,10,9,1,1,-7,3.9622665624950728,-3.7977383237671192
63,10,10,0,1,-9,2.4483593079747004,-7.7756539095410666
62,10,10000,-1000,0,-0,3.6546224874896884,4.6569891400210679
61,10,10000,-1000,0,-0,3.9146028939690578,3.8930614711102178
60,10,10000,-1000,0,-0,1.1249573374218502,2.0702786767060797
59,10,10000,-1000,0,-0,-4.598006350175206,-5.5064975663724143
58,10,10000,-1000,0,-0,3.6081449727781498,1.2059427459014098
57,10,10000,-1000,0,-0,7.1316830811504355,7.2946211286772611
56,10,10000,-1000,0,-0,1.7157224761440351,2.6589314067785903
55,10,10000,-1000,0,-0,-1.9106804368951997,0.63392442333591248
54,10,10000,-1000,0,-0,0.62281120395563583,1.5100021374489896
53,10,10000,-1000,0,-0,-0.83197765066140317,0.22845911582450973
52,10,2,8,1,7,3.3007615371448829,10.653616418561416
51,10,3,7,1,5,3.7891171742143515,8.3137890459058745
50,10,4,6,1,3,2.1693545662510072,5.5914109360646824
49,10,5,5,1,1,-0.83057295087316385,-1.0141321050945624
48,10,6,4,1,-1,3.6526515843429328,2.2689020008508387
47,10,7,3,1,-3,5.0255866465874242,0.5659208408945835
46,10,8,2,1,-5,7.3440559578735556,2.3898291823384916
45,10,9,1,1,-7,0.29924499499822721,-6.2482988911706272
44,10,10,0,1,-9,2.7823968395951857,-6.1600372900283551
43,10,10000,-1000,0,-0,4.6288271372685053,3.9901332841198256
42,10,10000,-1000,0,-0,1.267254430208963,1.0285731119035029
41,10,10000,-1000,0,-0,2.9126579873505682,1.2697553657817244
40,10,10000,-1000,0,-0,2.1161027301574671,1.8935281592008482
39,10,10000,-1000,0,-0,1.220929232641264,-0.55463921809261207
38,10,10000,-1000,0,-0,1.9982954532800723,1.9828295504951514
37,10,10000,-1000,0,-0,4.0413379881236215,5.7923848625825247
36,10,10000,-1000,0,-0,2.6148074517721129,3.319013957322094
35,10,10000,-1000,0,-0,0.36907437823987865,1.8500937024570385
34,10,10000,-1000,0,-0,-4.1811781785134956,-2.8282902663542728
33,10,2,8,1,7,1.5147122161471385,8.8782109566604088
32,10,3,7,1,5,-4.8858866793135469,-1.7135494124274171
31,10,4,6,1,3,7.2390311326211281,11.132808876673661
30,10,5,5,1,1,-2.2541225122481667,-1.9732474465065919
29,10,6,4,1,-1,-1.4124757065131135,-1.4719661866866778
28,10,7,3,1,-3,5.3063482578838546,0.43519066693995967
27,10,8,2,1,-5,-4.0531209711902427,-7.9061182540097468
26,10,9,1,1,-7,3.4622876424043456,-4.0407034524663796
25,10,10,0,1,-9,0.68321797564993936,-6.8908836560180298
24,10,10000,-1000,0,-0,2.7356564907116079,2.7163165351407579
23,10,10000,-1000,0,-0,3.8190719670832785,3.1809982406635799
22,10,10000,-1000,0,-0,-0.8934219418807654,-0.39515094148869356
21,10,10000,-1000,0,-0,-0.24522277200850984,-0.30346950719916299
20,10,10000,-1000,0,-0,-6.1240028867271761,-6.7502196645023771
19,10,10000,-1000,0,-0,-0.90006356009991739,-1.7946843208612278
18,10,10000,-1000,0,-0,2.5414462379516243,4.9515064528965258
17,10,10000,-1000,0,-0,2.8618760432588739,1.9122287926867256
16,10,10000,-1000,0,-0,6.767169490324112,7.3263209908941436
15,10,10000,-1000,0,-0,1.7317428438128994,1.5203281541333178
14,10,2,8,1,7,1.7577902305341488,7.3675992413068832
13,10,3,7,1,5,0.31673478374882169,3.8281054746140164
12,10,4,6,1,3,3.4875571353982551,5.0815125018726874
11,10,5,5,1,1,2.7571019991329617,2.2608665169192546
10,10,6,4,1,-1,1.8979973000730634,1.5841432241751177
9,10,7,3,1,-3,-0.52648765177199586,-3.7632492824528216
8,10,8,2,1,-5,1.4628926974669714,-1.5379648733250666
7,10,9,1,1,-7,3.5709651824131612,-2.7957961346912796
6,10,10,0,1,-9,3.3016358520346456,-4.0501666010575619
5,10,10000,-1000,0,-0,0.32746983017849951,0.8301884735681837
4,10,10000,-1000,0,-0,-0.15097316562135288,0.69449424673484472
3,10,10000,-1000,0,-0,2.8817201458469683,3.348967541576199
2,10,10000,-1000,0,-0,4.2573294542992066,3.855274390602581
1,10,10000,-1000,0,-0,1.8765403581571547,2.8000670614105503
95,10,10000,-1000,0,-0,0.76203233199957576,0.75397669128779443
94,10,10000,-1000,0,-0,-0.69381119345189868,0.33997304416235274
93,10,10000,-1000,0,-0,0.49006068440096673,-0.30906629732573221
92,10,10000,-1000,0,-0,-2.2386999448397802,-1.2344669238864439
91,10,10000,-1000,0,-0,-0.22334411918886188,-0.53531747538155328
