id,period,y
quiet,1,9.9480000000000004
quiet,2,10.028
quiet,3,10.016
quiet,4,9.9640000000000004
quiet,5,10.044
quiet,6,9.9480000000000004
quiet,7,10.028
quiet,8,10.016
quiet,9,9.9640000000000004
quiet,10,10.044
quiet,11,9.9480000000000004
quiet,12,10.028
quiet,13,10.016
quiet,14,9.9640000000000004
quiet,15,10.044
quiet,16,9.9480000000000004
quiet,17,10.028
quiet,18,10.016
quiet,19,9.9640000000000004
quiet,20,10.044
quiet,21,9.9480000000000004
quiet,22,10.028
quiet,23,10.016
quiet,24,9.9640000000000004
quiet,25,10.044
quiet,26,9.9480000000000004
quiet,27,10.028
quiet,28,10.016
quiet,29,9.9640000000000004
quiet,30,10.044
quiet,31,9.9480000000000004
quiet,32,10.028
noisy,1,8.5700000000000003
noisy,2,10.77
noisy,3,10.44
noisy,4,9.0099999999999998
noisy,5,11.210000000000001
noisy,6,8.5700000000000003
noisy,7,10.77
noisy,8,10.44
noisy,9,9.0099999999999998
noisy,10,11.210000000000001
noisy,11,8.5700000000000003
noisy,12,10.77
noisy,13,10.44
noisy,14,9.0099999999999998
noisy,15,11.210000000000001
noisy,16,8.5700000000000003
noisy,17,10.77
noisy,18,10.44
noisy,19,9.0099999999999998
noisy,20,11.210000000000001
noisy,21,8.5700000000000003
noisy,22,10.77
noisy,23,10.44
noisy,24,9.0099999999999998
noisy,25,11.210000000000001
noisy,26,8.5700000000000003
noisy,27,10.77
noisy,28,10.44
noisy,29,9.0099999999999998
noisy,30,11.210000000000001
noisy,31,8.5700000000000003
noisy,32,10.77
trend,1,9.9480000000000004
trend,2,10.378
trend,3,10.715999999999999
trend,4,11.013999999999999
trend,5,11.444000000000001
trend,6,11.698
trend,7,12.128
trend,8,12.465999999999999
trend,9,12.763999999999999
trend,10,13.194000000000001
trend,11,13.448
trend,12,13.878
trend,13,14.215999999999999
trend,14,14.513999999999999
trend,15,14.943999999999999
trend,16,15.198
trend,17,15.628
trend,18,15.965999999999999
trend,19,16.263999999999999
trend,20,16.693999999999999
trend,21,16.948
trend,22,17.378
trend,23,17.716000000000001
trend,24,18.013999999999999
trend,25,18.443999999999999
trend,26,18.698
trend,27,19.128
trend,28,19.466000000000001
trend,29,19.763999999999999
trend,30,20.193999999999999
trend,31,20.448
trend,32,20.878
