causal_status,entity,from_state,kind,label,observed_period,period_index,previous_observed_time,source,source_rows,time,to_state
unverified,,,documented_event,Minimum wage cohort 2004,True,2004,,https://bcallaway11.github.io/did/articles/did-basics.html#an-example-with-real-data; first.treat in pinned mpdta,[],2004,
unverified,17005,0.0,treatment_adoption,,,2004,2003,,"[366, 367]",2004,1.0
unverified,17015,0.0,treatment_adoption,,,2004,2003,,"[371, 372]",2004,1.0
unverified,17025,0.0,treatment_adoption,,,2004,2003,,"[376, 377]",2004,1.0
unverified,17035,0.0,treatment_adoption,,,2004,2003,,"[381, 382]",2004,1.0
unverified,17047,0.0,treatment_adoption,,,2004,2003,,"[386, 387]",2004,1.0
unverified,17049,0.0,treatment_adoption,,,2004,2003,,"[391, 392]",2004,1.0
unverified,17053,0.0,treatment_adoption,,,2004,2003,,"[396, 397]",2004,1.0
unverified,17063,0.0,treatment_adoption,,,2004,2003,,"[401, 402]",2004,1.0
unverified,17089,0.0,treatment_adoption,,,2004,2003,,"[406, 407]",2004,1.0
unverified,17097,0.0,treatment_adoption,,,2004,2003,,"[411, 412]",2004,1.0
unverified,17113,0.0,treatment_adoption,,,2004,2003,,"[416, 417]",2004,1.0
unverified,17125,0.0,treatment_adoption,,,2004,2003,,"[421, 422]",2004,1.0
unverified,17135,0.0,treatment_adoption,,,2004,2003,,"[426, 427]",2004,1.0
unverified,17155,0.0,treatment_adoption,,,2004,2003,,"[431, 432]",2004,1.0
unverified,17161,0.0,treatment_adoption,,,2004,2003,,"[436, 437]",2004,1.0
unverified,17169,0.0,treatment_adoption,,,2004,2003,,"[441, 442]",2004,1.0
unverified,17193,0.0,treatment_adoption,,,2004,2003,,"[446, 447]",2004,1.0
unverified,17195,0.0,treatment_adoption,,,2004,2003,,"[451, 452]",2004,1.0
unverified,17199,0.0,treatment_adoption,,,2004,2003,,"[456, 457]",2004,1.0
unverified,17203,0.0,treatment_adoption,,,2004,2003,,"[461, 462]",2004,1.0
unverified,,,documented_event,Minimum wage cohort 2006,True,2006,,https://bcallaway11.github.io/did/articles/did-basics.html#an-example-with-real-data; first.treat in pinned mpdta,[],2006,
unverified,12007,0.0,treatment_adoption,,,2006,2005,,"[53, 54]",2006,1.0
unverified,12019,0.0,treatment_adoption,,,2006,2005,,"[58, 59]",2006,1.0
unverified,12023,0.0,treatment_adoption,,,2006,2005,,"[63, 64]",2006,1.0
unverified,12029,0.0,treatment_adoption,,,2006,2005,,"[68, 69]",2006,1.0
unverified,12051,0.0,treatment_adoption,,,2006,2005,,"[73, 74]",2006,1.0
unverified,12071,0.0,treatment_adoption,,,2006,2005,,"[78, 79]",2006,1.0
unverified,12087,0.0,treatment_adoption,,,2006,2005,,"[83, 84]",2006,1.0
unverified,12093,0.0,treatment_adoption,,,2006,2005,,"[88, 89]",2006,1.0
unverified,12097,0.0,treatment_adoption,,,2006,2005,,"[93, 94]",2006,1.0
unverified,12099,0.0,treatment_adoption,,,2006,2005,,"[98, 99]",2006,1.0
unverified,12109,0.0,treatment_adoption,,,2006,2005,,"[103, 104]",2006,1.0
unverified,12113,0.0,treatment_adoption,,,2006,2005,,"[108, 109]",2006,1.0
unverified,12121,0.0,treatment_adoption,,,2006,2005,,"[113, 114]",2006,1.0
unverified,27005,0.0,treatment_adoption,,,2006,2005,,"[938, 939]",2006,1.0
unverified,27009,0.0,treatment_adoption,,,2006,2005,,"[943, 944]",2006,1.0
unverified,27023,0.0,treatment_adoption,,,2006,2005,,"[948, 949]",2006,1.0
unverified,27035,0.0,treatment_adoption,,,2006,2005,,"[953, 954]",2006,1.0
unverified,27043,0.0,treatment_adoption,,,2006,2005,,"[958, 959]",2006,1.0
unverified,27049,0.0,treatment_adoption,,,2006,2005,,"[963, 964]",2006,1.0
unverified,27051,0.0,treatment_adoption,,,2006,2005,,"[968, 969]",2006,1.0
unverified,27055,0.0,treatment_adoption,,,2006,2005,,"[973, 974]",2006,1.0
unverified,27091,0.0,treatment_adoption,,,2006,2005,,"[978, 979]",2006,1.0
unverified,27115,0.0,treatment_adoption,,,2006,2005,,"[983, 984]",2006,1.0
unverified,27123,0.0,treatment_adoption,,,2006,2005,,"[988, 989]",2006,1.0
unverified,27129,0.0,treatment_adoption,,,2006,2005,,"[993, 994]",2006,1.0
unverified,27149,0.0,treatment_adoption,,,2006,2005,,"[998, 999]",2006,1.0
unverified,27157,0.0,treatment_adoption,,,2006,2005,,"[1003, 1004]",2006,1.0
unverified,27163,0.0,treatment_adoption,,,2006,2005,,"[1008, 1009]",2006,1.0
unverified,27165,0.0,treatment_adoption,,,2006,2005,,"[1013, 1014]",2006,1.0
unverified,55001,0.0,treatment_adoption,,,2006,2005,,"[2448, 2449]",2006,1.0
unverified,55051,0.0,treatment_adoption,,,2006,2005,,"[2453, 2454]",2006,1.0
unverified,55059,0.0,treatment_adoption,,,2006,2005,,"[2458, 2459]",2006,1.0
unverified,55069,0.0,treatment_adoption,,,2006,2005,,"[2463, 2464]",2006,1.0
unverified,55081,0.0,treatment_adoption,,,2006,2005,,"[2468, 2469]",2006,1.0
unverified,55085,0.0,treatment_adoption,,,2006,2005,,"[2473, 2474]",2006,1.0
unverified,55103,0.0,treatment_adoption,,,2006,2005,,"[2478, 2479]",2006,1.0
unverified,55109,0.0,treatment_adoption,,,2006,2005,,"[2483, 2484]",2006,1.0
unverified,55123,0.0,treatment_adoption,,,2006,2005,,"[2488, 2489]",2006,1.0
unverified,55131,0.0,treatment_adoption,,,2006,2005,,"[2493, 2494]",2006,1.0
unverified,55137,0.0,treatment_adoption,,,2006,2005,,"[2498, 2499]",2006,1.0
unverified,,,documented_event,Minimum wage cohort 2007,True,2007,,https://bcallaway11.github.io/did/articles/did-basics.html#an-example-with-real-data; first.treat in pinned mpdta,[],2007,
unverified,24009,0.0,treatment_adoption,,,2007,2006,,"[829, 830]",2007,1.0
unverified,24015,0.0,treatment_adoption,,,2007,2006,,"[834, 835]",2007,1.0
unverified,24017,0.0,treatment_adoption,,,2007,2006,,"[839, 840]",2007,1.0
unverified,24021,0.0,treatment_adoption,,,2007,2006,,"[844, 845]",2007,1.0
unverified,24027,0.0,treatment_adoption,,,2007,2006,,"[849, 850]",2007,1.0
unverified,24033,0.0,treatment_adoption,,,2007,2006,,"[854, 855]",2007,1.0
unverified,26005,0.0,treatment_adoption,,,2007,2006,,"[859, 860]",2007,1.0
unverified,26015,0.0,treatment_adoption,,,2007,2006,,"[864, 865]",2007,1.0
unverified,26027,0.0,treatment_adoption,,,2007,2006,,"[869, 870]",2007,1.0
unverified,26031,0.0,treatment_adoption,,,2007,2006,,"[874, 875]",2007,1.0
unverified,26041,0.0,treatment_adoption,,,2007,2006,,"[879, 880]",2007,1.0
unverified,26057,0.0,treatment_adoption,,,2007,2006,,"[884, 885]",2007,1.0
unverified,26061,0.0,treatment_adoption,,,2007,2006,,"[889, 890]",2007,1.0
unverified,26065,0.0,treatment_adoption,,,2007,2006,,"[894, 895]",2007,1.0
unverified,26073,0.0,treatment_adoption,,,2007,2006,,"[899, 900]",2007,1.0
unverified,26085,0.0,treatment_adoption,,,2007,2006,,"[904, 905]",2007,1.0
unverified,26089,0.0,treatment_adoption,,,2007,2006,,"[909, 910]",2007,1.0
unverified,26105,0.0,treatment_adoption,,,2007,2006,,"[914, 915]",2007,1.0
unverified,26127,0.0,treatment_adoption,,,2007,2006,,"[919, 920]",2007,1.0
unverified,26129,0.0,treatment_adoption,,,2007,2006,,"[924, 925]",2007,1.0
unverified,26137,0.0,treatment_adoption,,,2007,2006,,"[929, 930]",2007,1.0
unverified,26149,0.0,treatment_adoption,,,2007,2006,,"[934, 935]",2007,1.0
unverified,29003,0.0,treatment_adoption,,,2007,2006,,"[1019, 1020]",2007,1.0
unverified,29011,0.0,treatment_adoption,,,2007,2006,,"[1024, 1025]",2007,1.0
unverified,29013,0.0,treatment_adoption,,,2007,2006,,"[1029, 1030]",2007,1.0
unverified,29023,0.0,treatment_adoption,,,2007,2006,,"[1034, 1035]",2007,1.0
unverified,29033,0.0,treatment_adoption,,,2007,2006,,"[1039, 1040]",2007,1.0
unverified,29041,0.0,treatment_adoption,,,2007,2006,,"[1044, 1045]",2007,1.0
unverified,29065,0.0,treatment_adoption,,,2007,2006,,"[1049, 1050]",2007,1.0
unverified,29073,0.0,treatment_adoption,,,2007,2006,,"[1054, 1055]",2007,1.0
unverified,29077,0.0,treatment_adoption,,,2007,2006,,"[1059, 1060]",2007,1.0
unverified,29079,0.0,treatment_adoption,,,2007,2006,,"[1064, 1065]",2007,1.0
unverified,29081,0.0,treatment_adoption,,,2007,2006,,"[1069, 1070]",2007,1.0
unverified,29085,0.0,treatment_adoption,,,2007,2006,,"[1074, 1075]",2007,1.0
unverified,29089,0.0,treatment_adoption,,,2007,2006,,"[1079, 1080]",2007,1.0
unverified,29099,0.0,treatment_adoption,,,2007,2006,,"[1084, 1085]",2007,1.0
unverified,29101,0.0,treatment_adoption,,,2007,2006,,"[1089, 1090]",2007,1.0
unverified,29105,0.0,treatment_adoption,,,2007,2006,,"[1094, 1095]",2007,1.0
unverified,29107,0.0,treatment_adoption,,,2007,2006,,"[1099, 1100]",2007,1.0
unverified,29117,0.0,treatment_adoption,,,2007,2006,,"[1104, 1105]",2007,1.0
unverified,29119,0.0,treatment_adoption,,,2007,2006,,"[1109, 1110]",2007,1.0
unverified,29127,0.0,treatment_adoption,,,2007,2006,,"[1114, 1115]",2007,1.0
unverified,29131,0.0,treatment_adoption,,,2007,2006,,"[1119, 1120]",2007,1.0
unverified,29149,0.0,treatment_adoption,,,2007,2006,,"[1124, 1125]",2007,1.0
unverified,29155,0.0,treatment_adoption,,,2007,2006,,"[1129, 1130]",2007,1.0
unverified,29163,0.0,treatment_adoption,,,2007,2006,,"[1134, 1135]",2007,1.0
unverified,29177,0.0,treatment_adoption,,,2007,2006,,"[1139, 1140]",2007,1.0
unverified,29201,0.0,treatment_adoption,,,2007,2006,,"[1144, 1145]",2007,1.0
unverified,29209,0.0,treatment_adoption,,,2007,2006,,"[1149, 1150]",2007,1.0
unverified,29211,0.0,treatment_adoption,,,2007,2006,,"[1154, 1155]",2007,1.0
unverified,29215,0.0,treatment_adoption,,,2007,2006,,"[1159, 1160]",2007,1.0
unverified,29229,0.0,treatment_adoption,,,2007,2006,,"[1164, 1165]",2007,1.0
unverified,29510,0.0,treatment_adoption,,,2007,2006,,"[1169, 1170]",2007,1.0
unverified,30009,0.0,treatment_adoption,,,2007,2006,,"[1174, 1175]",2007,1.0
unverified,30011,0.0,treatment_adoption,,,2007,2006,,"[1179, 1180]",2007,1.0
unverified,30013,0.0,treatment_adoption,,,2007,2006,,"[1184, 1185]",2007,1.0
unverified,30021,0.0,treatment_adoption,,,2007,2006,,"[1189, 1190]",2007,1.0
unverified,30033,0.0,treatment_adoption,,,2007,2006,,"[1194, 1195]",2007,1.0
unverified,30049,0.0,treatment_adoption,,,2007,2006,,"[1199, 1200]",2007,1.0
unverified,30081,0.0,treatment_adoption,,,2007,2006,,"[1204, 1205]",2007,1.0
unverified,30087,0.0,treatment_adoption,,,2007,2006,,"[1209, 1210]",2007,1.0
unverified,30095,0.0,treatment_adoption,,,2007,2006,,"[1214, 1215]",2007,1.0
unverified,30101,0.0,treatment_adoption,,,2007,2006,,"[1219, 1220]",2007,1.0
unverified,30109,0.0,treatment_adoption,,,2007,2006,,"[1224, 1225]",2007,1.0
unverified,32007,0.0,treatment_adoption,,,2007,2006,,"[1354, 1355]",2007,1.0
unverified,32011,0.0,treatment_adoption,,,2007,2006,,"[1359, 1360]",2007,1.0
unverified,32033,0.0,treatment_adoption,,,2007,2006,,"[1364, 1365]",2007,1.0
unverified,37005,0.0,treatment_adoption,,,2007,2006,,"[1394, 1395]",2007,1.0
unverified,37021,0.0,treatment_adoption,,,2007,2006,,"[1399, 1400]",2007,1.0
unverified,37025,0.0,treatment_adoption,,,2007,2006,,"[1404, 1405]",2007,1.0
unverified,37029,0.0,treatment_adoption,,,2007,2006,,"[1409, 1410]",2007,1.0
unverified,37041,0.0,treatment_adoption,,,2007,2006,,"[1414, 1415]",2007,1.0
unverified,37051,0.0,treatment_adoption,,,2007,2006,,"[1419, 1420]",2007,1.0
unverified,37057,0.0,treatment_adoption,,,2007,2006,,"[1424, 1425]",2007,1.0
unverified,37059,0.0,treatment_adoption,,,2007,2006,,"[1429, 1430]",2007,1.0
unverified,37063,0.0,treatment_adoption,,,2007,2006,,"[1434, 1435]",2007,1.0
unverified,37075,0.0,treatment_adoption,,,2007,2006,,"[1439, 1440]",2007,1.0
unverified,37079,0.0,treatment_adoption,,,2007,2006,,"[1444, 1445]",2007,1.0
unverified,37085,0.0,treatment_adoption,,,2007,2006,,"[1449, 1450]",2007,1.0
unverified,37093,0.0,treatment_adoption,,,2007,2006,,"[1454, 1455]",2007,1.0
unverified,37099,0.0,treatment_adoption,,,2007,2006,,"[1459, 1460]",2007,1.0
unverified,37103,0.0,treatment_adoption,,,2007,2006,,"[1464, 1465]",2007,1.0
unverified,37105,0.0,treatment_adoption,,,2007,2006,,"[1469, 1470]",2007,1.0
unverified,37117,0.0,treatment_adoption,,,2007,2006,,"[1474, 1475]",2007,1.0
unverified,37123,0.0,treatment_adoption,,,2007,2006,,"[1479, 1480]",2007,1.0
unverified,37127,0.0,treatment_adoption,,,2007,2006,,"[1484, 1485]",2007,1.0
unverified,37155,0.0,treatment_adoption,,,2007,2006,,"[1489, 1490]",2007,1.0
unverified,37161,0.0,treatment_adoption,,,2007,2006,,"[1494, 1495]",2007,1.0
unverified,37163,0.0,treatment_adoption,,,2007,2006,,"[1499, 1500]",2007,1.0
unverified,37165,0.0,treatment_adoption,,,2007,2006,,"[1504, 1505]",2007,1.0
unverified,37167,0.0,treatment_adoption,,,2007,2006,,"[1509, 1510]",2007,1.0
unverified,37175,0.0,treatment_adoption,,,2007,2006,,"[1514, 1515]",2007,1.0
unverified,37189,0.0,treatment_adoption,,,2007,2006,,"[1519, 1520]",2007,1.0
unverified,37191,0.0,treatment_adoption,,,2007,2006,,"[1524, 1525]",2007,1.0
unverified,39019,0.0,treatment_adoption,,,2007,2006,,"[1589, 1590]",2007,1.0
unverified,39021,0.0,treatment_adoption,,,2007,2006,,"[1594, 1595]",2007,1.0
unverified,39035,0.0,treatment_adoption,,,2007,2006,,"[1599, 1600]",2007,1.0
unverified,39047,0.0,treatment_adoption,,,2007,2006,,"[1604, 1605]",2007,1.0
unverified,39055,0.0,treatment_adoption,,,2007,2006,,"[1609, 1610]",2007,1.0
unverified,39063,0.0,treatment_adoption,,,2007,2006,,"[1614, 1615]",2007,1.0
unverified,39071,0.0,treatment_adoption,,,2007,2006,,"[1619, 1620]",2007,1.0
unverified,39079,0.0,treatment_adoption,,,2007,2006,,"[1624, 1625]",2007,1.0
unverified,39095,0.0,treatment_adoption,,,2007,2006,,"[1629, 1630]",2007,1.0
unverified,39097,0.0,treatment_adoption,,,2007,2006,,"[1634, 1635]",2007,1.0
unverified,39107,0.0,treatment_adoption,,,2007,2006,,"[1639, 1640]",2007,1.0
unverified,39111,0.0,treatment_adoption,,,2007,2006,,"[1644, 1645]",2007,1.0
unverified,39119,0.0,treatment_adoption,,,2007,2006,,"[1649, 1650]",2007,1.0
unverified,39143,0.0,treatment_adoption,,,2007,2006,,"[1654, 1655]",2007,1.0
unverified,39163,0.0,treatment_adoption,,,2007,2006,,"[1659, 1660]",2007,1.0
unverified,39173,0.0,treatment_adoption,,,2007,2006,,"[1664, 1665]",2007,1.0
unverified,54005,0.0,treatment_adoption,,,2007,2006,,"[2394, 2395]",2007,1.0
unverified,54017,0.0,treatment_adoption,,,2007,2006,,"[2399, 2400]",2007,1.0
unverified,54021,0.0,treatment_adoption,,,2007,2006,,"[2404, 2405]",2007,1.0
unverified,54027,0.0,treatment_adoption,,,2007,2006,,"[2409, 2410]",2007,1.0
unverified,54029,0.0,treatment_adoption,,,2007,2006,,"[2414, 2415]",2007,1.0
unverified,54037,0.0,treatment_adoption,,,2007,2006,,"[2419, 2420]",2007,1.0
unverified,54047,0.0,treatment_adoption,,,2007,2006,,"[2424, 2425]",2007,1.0
unverified,54051,0.0,treatment_adoption,,,2007,2006,,"[2429, 2430]",2007,1.0
unverified,54085,0.0,treatment_adoption,,,2007,2006,,"[2434, 2435]",2007,1.0
unverified,54087,0.0,treatment_adoption,,,2007,2006,,"[2439, 2440]",2007,1.0
unverified,54099,0.0,treatment_adoption,,,2007,2006,,"[2444, 2445]",2007,1.0
unverified,8001,0.0,treatment_adoption,,,2007,2006,,"[4, 5]",2007,1.0
unverified,8019,0.0,treatment_adoption,,,2007,2006,,"[9, 10]",2007,1.0
unverified,8023,0.0,treatment_adoption,,,2007,2006,,"[14, 15]",2007,1.0
unverified,8029,0.0,treatment_adoption,,,2007,2006,,"[19, 20]",2007,1.0
unverified,8041,0.0,treatment_adoption,,,2007,2006,,"[24, 25]",2007,1.0
unverified,8063,0.0,treatment_adoption,,,2007,2006,,"[29, 30]",2007,1.0
unverified,8075,0.0,treatment_adoption,,,2007,2006,,"[34, 35]",2007,1.0
unverified,8103,0.0,treatment_adoption,,,2007,2006,,"[39, 40]",2007,1.0
unverified,8117,0.0,treatment_adoption,,,2007,2006,,"[44, 45]",2007,1.0
unverified,8123,0.0,treatment_adoption,,,2007,2006,,"[49, 50]",2007,1.0
