group,time,event_time,base_period,att,n_treated,n_never_treated,status
2004,2004,0,2003,-0.010503246220963533,20,309,post_period_att
2004,2005,1,2003,-0.07042315810314909,20,309,post_period_att
2004,2006,2,2003,-0.13725873888940443,20,309,post_period_att
2004,2007,3,2003,-0.10081136308540525,20,309,post_period_att
2006,2004,-2,2003,0.006520112424232907,40,309,pre_period_pseudo_att
2006,2005,-1,2004,-0.002750818750518684,40,309,pre_period_pseudo_att
2006,2006,0,2005,-0.00459460695286272,40,309,post_period_att
2006,2007,1,2005,-0.041224471546217945,40,309,post_period_att
2007,2004,-3,2003,0.030506655583292103,131,309,pre_period_pseudo_att
2007,2005,-2,2004,-0.0027258928861159572,131,309,pre_period_pseudo_att
2007,2006,-1,2005,-0.031087119389688136,131,309,pre_period_pseudo_att
2007,2007,0,2006,-0.026054410719197237,131,309,post_period_att
