cohort,event_time,att,cell_observations
2,0,-1.5253311388269672,5
2,1,0.16456655084954974,5
2,2,0.21341883144336427,5
2,3,0.5637226021760076,5
2,4,2.4019047695121927,5
2,5,3.852822346916339,5
2,6,4.640077150793977,5
2,7,5.357836981530326,5
2,8,6.243626054438657,5
3,-2,0.03694147229148664,5
3,0,-2.7822650897406214,5
3,1,-1.756559669791078,5
3,2,0.06468824624774161,5
3,3,1.1127462653280755,5
3,4,1.9162373391971794,5
3,5,2.7971963204791064,5
3,6,5.2390992042939,5
3,7,4.4217388554795765,5
4,-3,0.59128776985718,5
4,-2,0.8322500015151353,5
4,0,-2.9274421768438263,5
4,1,-1.332677945799452,5
4,2,-1.0255080265438883,5
4,3,1.3021875847276236,5
4,4,2.5649668566206225,5
4,5,2.6838618394754636,5
4,6,4.01524577914744,5
5,-4,-0.9834528875180819,5
5,-3,-1.000649715783958,5
5,-2,-1.5740864040028075,5
5,0,-5.5230287975349075,5
5,1,-4.614804559675889,5
5,2,-3.020786617617386,5
5,3,-2.2836030895382775,5
5,4,-0.5431913941142716,5
5,5,-0.8623081837593061,5
6,-5,-0.6580344824689112,5
6,-4,0.3604065701717558,5
6,-3,0.07218774503671899,5
6,-2,0.311757864047445,5
6,0,-4.983814876848271,5
6,1,-4.031210067629945,5
6,2,-2.9684640369491833,5
6,3,-0.6337697440976302,5
6,4,-0.9956347566833903,5
7,-6,-0.0421469066945388,5
7,-5,-0.31697436827565495,5
7,-4,-0.43060998002091333,5
7,-3,-0.8368199885985139,5
7,-2,-0.5586314176482832,5
7,0,-6.411650450651786,5
7,1,-4.986299676705892,5
7,2,-4.191815011986925,5
7,3,-4.711005954426616,5
8,-7,-0.5893869636569866,5
8,-6,-0.6575708529576196,5
8,-5,-0.23821339318126977,5
8,-4,-0.8951948173555038,5
8,-3,-0.7831483874159233,5
8,-2,0.42959147051576174,5
8,0,-6.203066933554656,5
8,1,-4.915464238679441,5
8,2,-4.159930618826051,5
9,-8,0.0339135158894841,5
9,-7,0.8729953803301174,5
9,-6,0.8777431480886309,5
9,-5,0.30147666405743,5
9,-4,-0.3924779453102625,5
9,-3,0.8112847036752693,5
9,-2,1.2018994942228263,5
9,0,-7.6256868581305435,5
9,1,-6.847773530261811,5
10,-9,0.3517656209192328,5
10,-8,-0.19193178591383808,5
10,-7,0.019512075905551374,5
10,-6,-0.40363493469056977,5
10,-5,-0.5648008822463424,5
10,-4,0.5190010843516939,5
10,-3,0.5272033830140057,5
10,-2,-0.00242949450579788,5
10,0,-8.711575328172355,5
