event_time,twfe,sun_abraham,true_effect,treated_observations_support,cohort_count
-9,1.7984986559846012,0.3517656209192328,0.0,5,1
-8,1.0656900243367147,-0.07900913501217699,0.0,10,2
-7,1.2141806302365106,0.10104016419289404,0.0,15,3
-6,1.0763716197844255,-0.056402386563524344,0.0,20,4
-5,0.6572516505223069,-0.2953092924229497,0.0,25,5
-4,0.6103574883664882,-0.30372132928021867,0.0,30,6
-3,0.45832782888528406,-0.0883792128878887,0.0,35,7
-2,0.35716781663702146,0.08466162330447077,0.0,40,8
0,-5.172103086846029,-5.188206850033771,-5.0,45,9
1,-3.6666438854500196,-3.5400278922117443,-3.5,40,8
2,-2.386783296648204,-2.155485319176047,-2.0,35,7
3,-1.2212432624498983,-0.7749537226384696,-0.5,30,6
4,0.3046945843053755,1.0688565629064666,1.0,25,5
5,1.157638858391379,2.117893080777901,2.5,20,4
6,3.079746954451338,4.631474044745106,4.0,15,3
7,3.332488251388408,4.889787918504951,5.5,10,2
8,4.6217971088887895,6.243626054438657,7.0,5,1
