window,entity,candidate_time,known_first_treatment,date_matches_treatment,change,boundary_innovation
2,12,3,4,False,3.0977369132460923,4.770332695902453
2,30,3,5,False,6.771518907285366,8.656538203579174
2,32,3,3,True,-5.412322055793034,-5.463768413005447
2,41,3,,False,2.118534941549188,1.8618851476494869
2,50,3,4,False,-2.259955251629415,-2.5037998924685088
2,56,3,,False,2.973382917759631,3.655532301193112
2,57,3,,False,3.1820565915678376,4.560409171861302
2,62,3,,False,-3.2230663891791176,-2.538519678520073
2,75,3,,False,1.660383221888837,3.0666979498089035
2,76,3,,False,3.4936087176527137,3.880119127318836
2,8,3,8,False,3.5392411887899167,5.647863991593971
2,80,3,,False,2.2548824789916644,3.5110093327565233
2,9,3,7,False,-5.598528088813177,-4.398665054438231
2,91,3,,False,2.91422675363338,2.2039297862302916
2,27,4,8,False,4.418921168998884,1.358184370234543
2,31,4,4,True,-3.916492302141811,-4.507002505827176
2,33,4,2,False,5.261473124068783,4.344366570241509
2,53,4,,False,2.6771229892125574,1.669306612836153
2,55,4,,False,2.691405884324921,2.642207197893361
2,65,4,8,False,2.856130230453517,2.9871414281170705
2,7,4,9,False,-3.2628269535320396,-4.843603165046835
2,70,4,3,False,3.7940257341863757,5.020915966566432
2,71,4,2,False,1.800234680911493,2.029652481845132
2,74,4,,False,3.4388379946963257,5.1570268897739275
2,81,4,,False,3.157846685350262,3.5207426863048092
2,86,4,6,False,-3.669835232349418,-4.3044795827918865
2,89,4,3,False,1.431224552846567,2.290054293115714
2,23,5,,False,-2.2228472335393157,-1.9530817582763524
2,26,5,9,False,2.838541415475445,2.039634946172593
2,30,5,5,True,-6.076997716883557,-4.902514628570059
2,32,5,3,False,5.936607810616945,5.308611088078589
2,37,5,,False,4.040088099546783,2.885055373526834
2,42,5,,False,-1.5437818545751019,-2.4938020464138244
2,50,5,4,False,1.8367099908344036,2.016967303140677
2,58,5,,False,4.091769531091426,2.0825924341902255
2,61,5,,False,6.623935074997563,3.269629915675404
2,82,5,10,False,-2.1110241436626964,-1.2978238500222183
2,12,6,4,False,4.187717899573615,1.1526729927345882
2,14,6,2,False,3.7054939378092717,5.420816620236875
2,17,6,,False,2.2523398118636706,2.345105685993852
2,29,6,6,True,-6.338916391684089,-9.75217086468378
2,36,6,,False,2.2762774715940908,2.140075050553645
2,55,6,,False,2.2097490524334717,4.158934267817172
2,63,6,10,False,2.943887697975168,3.3235739713451022
2,65,6,8,False,1.5593619510800656,2.0231254439194886
2,67,6,6,True,-7.488497954129899,-10.665782642152504
2,7,6,9,False,5.033620353648419,5.642889374769162
2,8,6,8,False,2.46624994007259,2.964554934281524
2,80,6,,False,-2.0659875389440154,-1.646611716898725
2,93,6,,False,-1.2819194164537397,-1.560140219132118
2,15,7,,False,1.7931578172259819,1.1369654619814318
2,32,7,3,False,-1.0106540431531374,-1.1761725784346844
2,38,7,,False,-2.1087024885309913,-3.586210121383511
2,47,7,7,True,-2.7656198410166977,-3.8214707573891977
2,50,7,4,False,3.5787179631166603,3.9994738145151874
2,59,7,,False,-1.052210787840063,-1.3487296456337536
2,69,7,4,False,4.271718401239877,3.916855032963552
2,70,7,3,False,4.777034836821387,1.821559034219609
2,72,7,,False,-1.1340758744387025,-2.004786822694645
2,85,7,7,True,-6.778486500661728,-6.597825167429447
2,88,7,4,False,5.440318771182229,1.797330761489737
2,9,7,7,True,-5.660778580271009,-4.725404456339804
2,90,7,2,False,4.959184323841558,7.251437416050075
2,11,8,5,False,4.137624046131108,4.237127998666178
2,14,8,2,False,3.038112830734738,3.319354370129888
2,26,8,9,False,-4.534958669991354,-2.8106369563954505
2,27,8,8,True,-6.731892053037576,-5.072957495678486
2,29,8,6,False,7.442180626585072,6.226520283099915
2,30,8,5,False,6.492644869367328,7.96072983608468
2,31,8,4,False,1.9115862480426364,2.3943021706016276
2,4,8,,False,2.0878559057753727,2.119257937300343
2,44,8,10,False,2.321696845168188,3.8165333943792525
2,63,8,10,False,-1.6319763824458888,-1.4774631031638874
2,67,8,6,False,5.110074068107748,2.616784541653776
2,8,8,8,True,-4.374751814125755,-7.58994879510164
2,80,8,,False,3.8648055147957012,3.9168235953977826
2,84,8,8,True,-5.192013592016833,-7.579858863316229
2,91,8,,False,2.292606669969417,3.1796716384777217
2,1,9,,False,2.2469160117320333,3.6860161189328897
2,10,9,6,False,6.67483613802387,8.248335263546794
2,20,9,,False,-4.062997912749369,-1.1000085581025492
2,24,9,,False,5.7454168514255,7.41536627790807
2,3,9,,False,5.860978931379535,3.6729434870424766
2,42,9,,False,4.235608808852735,5.698923450760159
2,45,9,9,True,-12.204328820069131,-17.53031642669033
2,47,9,7,False,3.6240286909133084,2.3427203392510227
2,48,9,6,False,7.085234490031592,3.304618660912782
2,57,9,,False,6.394499722915626,5.77539490115401
2,68,9,5,False,4.908451783339466,7.499285453809227
2,7,9,9,True,-8.437580747497133,-8.546947528498936
2,71,9,2,False,8.88842332944345,1.9832298767954528
2,82,9,10,False,-8.059118115739675,-6.267683165929279
2,83,9,9,True,-8.24850190297842,-5.590466116680841
2,85,9,7,False,4.227405513040262,1.3872027532271725
2,87,9,5,False,4.555182488684938,4.371713547112396
2,89,9,3,False,5.921429826288,6.98077058002799
3,33,4,2,False,4.567846216761321,4.806811312632739
3,65,4,8,False,3.8738223398621194,2.5036492554810423
3,26,5,9,False,3.2815908285663955,2.240347684212688
3,28,5,7,False,-2.0795738054980637,-1.4362125974636326
3,63,6,10,False,2.5830229400295126,3.091254908739346
3,38,7,,False,-2.1554506421494817,-3.026998194346765
3,47,7,7,True,-1.796327344343915,-3.2598239017322026
3,77,7,,False,2.3969336491614617,5.132431490439826
3,85,7,7,True,-5.720488888190024,-7.2952756859746595
3,88,7,4,False,6.963556358815735,1.664902345027142
3,94,7,,False,-2.77759462919692,-6.1368096070315765
3,11,8,5,False,3.730726336166333,4.024023252168824
3,30,8,5,False,5.332392058405906,7.007286416046551
