_period_index,_source_rows,exposed,id,time_to_treatment,treated,treatment_effect_true,x1,y,year,year_treated
1,[90],0,1,-1000,0,-0,2.505764973720213,2.3804557653067793,1,10000
2,[185],0,1,-1000,0,-0,-3.8973822564130183,-5.697142931308408,2,10000
3,[280],0,1,-1000,0,-0,2.4556261633318379,6.0951997900721295,3,10000
4,[375],0,1,-1000,0,-0,-0.68963031455882506,-0.7745627926776993,4,10000
5,[470],0,1,-1000,0,-0,4.299238393505763,5.639718436558895,5,10000
6,[565],0,1,-1000,0,-0,-2.3082189835973885,-3.7967968668000562,6,10000
7,[660],0,1,-1000,0,-0,1.2238277975331728,1.0442378099722212,7,10000
8,[755],0,1,-1000,0,-0,0.45689046641690123,0.09622446306506904,8,10000
9,[850],0,1,-1000,0,-0,2.6829490632527637,2.834227235090806,9,10000
10,[945],0,1,-1000,0,-0,1.8765403581571547,2.8000670614105503,10,10000
1,[81],0,10,-5,1,-0,-0.71159288719427238,-1.3345555469590606,1,6
2,[176],0,10,-4,1,-0,-1.5700414295474743,0.536147932214321,2,6
3,[271],0,10,-3,1,-0,-2.741910881671398,-2.8497886705924524,3,6
4,[366],0,10,-2,1,-0,-0.6079957995092593,-0.6600952634402225,4,6
5,[461],0,10,-1,1,-0,2.6982142309607569,3.237877221864096,5,6
6,[556],1,10,0,1,-5,1.2055447419947101,-2.6421335137882673,6,6
7,[651],1,10,1,1,-4,-0.1303809518664143,-3.838130070832356,7,6
8,[746],1,10,2,1,-3,-1.6269180275342783,-4.159066353338886,8,6
9,[841],1,10,3,1,-2,5.1038338287777609,3.7683326277013784,9,6
10,[936],1,10,4,1,-1,1.8979973000730634,1.5841432241751177,10,6
1,[80],0,11,-4,1,-0,-0.041899713425634699,-0.018357728257053802,1,5
2,[175],0,11,-3,1,-0,-0.06234002453607812,0.7089284773365828,2,5
3,[270],0,11,-2,1,-0,-1.9556744233645404,-1.785880096237017,3,5
4,[365],0,11,-1,1,-0,1.2356395665352724,1.811717092681942,4,5
5,[460],1,11,0,1,-4,2.5855380769952943,-0.6560643993175308,5,5
6,[555],1,11,1,1,-3,0.74724632701673921,-1.576066159324152,6,5
7,[650],1,11,2,1,-2,-1.1000697835142605,-2.922277412325482,7,5
8,[745],1,11,3,1,-1,2.5367865044983358,-0.03136066666063364,8,5
9,[840],1,11,4,1,0,3.6657372909142145,3.8082651872732143,9,5
10,[935],1,11,5,1,1,2.7571019991329617,2.2608665169192546,10,5
1,[79],0,12,-3,1,-0,-5.4752588107020363,-5.25104023654259,1,4
2,[174],0,12,-2,1,-0,-4.4721981392887677,-5.056411599941074,2,4
3,[269],0,12,-1,1,-0,-2.1812232241102665,-0.09145026743710583,3,4
4,[364],1,12,0,1,-3,-0.2718481447129289,-4.020527742554375,4,4
5,[459],1,12,1,1,-2,-0.59912049871926099,-2.516887549854049,5,4
6,[554],1,12,2,1,-1,2.1438164462048568,0.13942563558086496,6,4
7,[649],1,12,3,1,0,0.73974620836288119,1.6985948711579415,7,4
8,[744],1,12,4,1,1,1.6018775178066971,2.5833501323485253,8,4
9,[839],1,12,5,1,2,1.623456521366331,1.666200644972877,9,4
10,[934],1,12,6,1,3,3.4875571353982551,5.081512501872687,10,4
1,[78],0,13,-2,1,-0,1.4569561596054137,1.850050085119673,1,3
2,[173],0,13,-1,1,-0,-0.73015543118022208,-1.0354643571509106,2,3
3,[268],1,13,0,1,-2,1.6063483907484222,1.7486717888540673,3,3
4,[363],1,13,1,1,-1,-1.9270667209833121,-3.63597971260768,4,3
5,[458],1,13,2,1,0,-0.7814373769411761,-0.7214408034719463,5,3
6,[553],1,13,3,1,1,2.0343302314200562,1.12559388649376,6,3
7,[648],1,13,4,1,2,0.8516872414406611,3.3384835781931734,7,3
8,[743],1,13,5,1,3,-0.70543801148436713,1.770021975405224,8,3
9,[838],1,13,6,1,4,1.0793388274686664,7.860725961324524,9,3
10,[933],1,13,7,1,5,0.31673478374882169,3.8281054746140164,10,3
1,[77],0,14,-1,1,-0,-1.9127722428624954,-2.0536116300198497,1,2
2,[172],1,14,0,1,-1,0.96428143457328108,-0.04854657530532602,2,2
3,[267],1,14,1,1,0,-1.6320122567163611,-0.8894224108977118,3,2
4,[362],1,14,2,1,1,1.169594960963467,0.949493869538329,4,2
5,[457],1,14,3,1,2,-1.5203396057826963,0.03572896818839322,5,2
6,[552],1,14,4,1,3,0.3708452614547324,4.542780687075332,6,2
7,[647],1,14,5,1,4,-1.3028333963279595,3.853430026269934,7,2
8,[742],1,14,6,1,5,3.0184524720737147,6.483433735594424,8,2
9,[837],1,14,7,1,6,2.6256634853076051,7.989002639220318,9,2
10,[932],1,14,8,1,7,1.7577902305341488,7.367599241306883,10,2
1,[76],0,15,-1000,0,-0,-3.0785762080270405,-3.1386953993774096,1,10000
2,[171],0,15,-1000,0,-0,1.4611271404920481,1.3219057353745907,2,10000
3,[266],0,15,-1000,0,-0,0.85003664821795344,0.7392108567890054,3,10000
4,[361],0,15,-1000,0,-0,2.1621046054369462,2.0041228667677977,4,10000
5,[456],0,15,-1000,0,-0,-0.20675664015392964,-0.49135029994698004,5,10000
6,[551],0,15,-1000,0,-0,-1.1936156215460725,-0.824511906217647,6,10000
7,[646],0,15,-1000,0,-0,-0.99835737703738647,-0.020708050506882292,7,10000
8,[741],0,15,-1000,0,-0,2.971004883534047,2.2911614787942187,8,10000
9,[836],0,15,-1000,0,-0,0.40464588242632626,2.127277899061945,9,10000
10,[931],0,15,-1000,0,-0,1.7317428438128994,1.5203281541333178,10,10000
1,[75],0,16,-1000,0,-0,-1.3751618128234067,-0.8194246275336364,1,10000
2,[170],0,16,-1000,0,-0,1.0607546258653096,0.07967887061899326,2,10000
3,[265],0,16,-1000,0,-0,-3.3312695327517106,-3.2699280903006898,3,10000
4,[360],0,16,-1000,0,-0,-0.77143963765164125,0.16148541629873225,4,10000
5,[455],0,16,-1000,0,-0,1.227701652638161,0.2897091208890986,5,10000
6,[550],0,16,-1000,0,-0,-2.1297935959101153,-2.3828986836605393,6,10000
7,[645],0,16,-1000,0,-0,0.84296669173935568,2.0499982927601224,7,10000
8,[740],0,16,-1000,0,-0,0.14764231789130733,-0.8653896964074852,8,10000
9,[835],0,16,-1000,0,-0,1.928065068134843,1.5402411866741281,9,10000
10,[930],0,16,-1000,0,-0,6.767169490324112,7.326320990894144,10,10000
1,[74],0,17,-1000,0,-0,-1.5630791194863256,-3.4086885411971286,1,10000
2,[169],0,17,-1000,0,-0,3.3848226431236115,4.229167357112556,2,10000
3,[264],0,17,-1000,0,-0,0.51568434291357634,1.1400173268402334,3,10000
4,[359],0,17,-1000,0,-0,-0.7439903768644559,-0.8205430905893387,4,10000
5,[454],0,17,-1000,0,-0,0.10013601505423383,-0.0725393030989831,5,10000
6,[549],0,17,-1000,0,-0,2.5511361137617437,3.0205701703852244,6,10000
7,[644],0,17,-1000,0,-0,-0.59380380739865124,0.5910270596537953,7,10000
8,[739],0,17,-1000,0,-0,1.1304879648494763,1.3146730251278382,8,10000
9,[834],0,17,-1000,0,-0,3.2492251976600661,1.6185897717998314,9,10000
10,[929],0,17,-1000,0,-0,2.8618760432588739,1.9122287926867256,10,10000
1,[73],0,18,-1000,0,-0,-2.703364783876828,-4.307675045637309,1,10000
2,[168],0,18,-1000,0,-0,0.52899862550338583,0.19913129800490287,2,10000
3,[263],0,18,-1000,0,-0,-5.1505071771190085,-4.843484165141411,3,10000
4,[358],0,18,-1000,0,-0,-0.32585750035723154,0.7885051617140826,4,10000
5,[453],0,18,-1000,0,-0,0.25379348945705527,1.9905608709690918,5,10000
6,[548],0,18,-1000,0,-0,0.84976340057561117,2.1933401174307576,6,10000
7,[643],0,18,-1000,0,-0,-1.0839900412111589,-2.8351830004306358,7,10000
8,[738],0,18,-1000,0,-0,2.9028728252995171,2.7456692219919625,8,10000
9,[833],0,18,-1000,0,-0,1.6092172285508433,0.49589195361661265,9,10000
10,[928],0,18,-1000,0,-0,2.5414462379516243,4.951506452896526,10,10000
1,[72],0,19,-1000,0,-0,-0.81808898640618455,-1.7766325139333037,1,10000
2,[167],0,19,-1000,0,-0,-1.294954212193032,-0.04883167822196044,2,10000
3,[262],0,19,-1000,0,-0,1.2434814673764927,2.4699307915370667,3,10000
4,[357],0,19,-1000,0,-0,-0.53461787127759852,-0.291115810899204,4,10000
5,[452],0,19,-1000,0,-0,-1.7220257291482379,-2.302997044983713,5,10000
6,[547],0,19,-1000,0,-0,1.3324491350006851,0.8030992194739364,6,10000
7,[642],0,19,-1000,0,-0,-1.6595886392234731,-1.5003565588689427,7,10000
8,[737],0,19,-1000,0,-0,-0.96428826653656297,-1.5615103134084602,8,10000
9,[832],0,19,-1000,0,-0,1.630547854556974,1.0733415605378656,9,10000
10,[927],0,19,-1000,0,-0,-0.90006356009991739,-1.7946843208612278,10,10000
1,[89],0,2,-1000,0,-0,0.23077359910756789,0.22162464684021327,1,10000
2,[184],0,2,-1000,0,-0,0.62377885354179097,1.84208423228857,2,10000
3,[279],0,2,-1000,0,-0,-3.5369871398362225,-2.3513471262013512,3,10000
4,[374],0,2,-1000,0,-0,-0.055327837375308331,0.7777132513351692,4,10000
5,[469],0,2,-1000,0,-0,-0.04355269175194168,1.0516350560883487,5,10000
6,[564],0,2,-1000,0,-0,-1.0434243738403783,0.16294832000575665,6,10000
7,[659],0,2,-1000,0,-0,-0.62849223102318741,1.4933836806200986,7,10000
8,[754],0,2,-1000,0,-0,2.4092813409756761,3.771328590516642,8,10000
9,[849],0,2,-1000,0,-0,-0.24348927018343125,-1.1294395342845436,9,10000
10,[944],0,2,-1000,0,-0,4.2573294542992066,3.855274390602581,10,10000
1,[71],0,20,-1000,0,-0,-4.7826325534578586,-3.0637062152205354,1,10000
2,[166],0,20,-1000,0,-0,-1.9587260477583861,-0.9706342199470284,2,10000
3,[261],0,20,-1000,0,-0,-0.5782184794624029,1.4705991024969385,3,10000
4,[356],0,20,-1000,0,-0,-2.2991209020994097,-1.2430513006908848,4,10000
5,[451],0,20,-1000,0,-0,1.4120636313222623,2.3854696165238636,5,10000
6,[546],0,20,-1000,0,-0,1.1700280645782741,0.26333922970193546,6,10000
7,[641],0,20,-1000,0,-0,1.3940119583014867,0.6609596846454967,7,10000
8,[736],0,20,-1000,0,-0,0.75266807195568686,1.046151766397182,8,10000
9,[831],0,20,-1000,0,-0,0.097219153238964795,0.3313352900463181,9,10000
10,[926],0,20,-1000,0,-0,-6.1240028867271761,-6.750219664502377,10,10000
1,[70],0,21,-1000,0,-0,-3.9627308173215736,-3.70778258128014,1,10000
2,[165],0,21,-1000,0,-0,-1.3890542989500441,0.13182663927888494,2,10000
3,[260],0,21,-1000,0,-0,4.083864518519646,3.106122573256971,3,10000
4,[355],0,21,-1000,0,-0,-0.62674574607439049,0.09334537521327624,4,10000
5,[450],0,21,-1000,0,-0,0.34360937969232508,-0.5404306499394919,5,10000
6,[545],0,21,-1000,0,-0,-0.37496850587675534,0.09289630545271998,6,10000
7,[640],0,21,-1000,0,-0,-1.6949749499448536,-2.187792772897232,7,10000
8,[735],0,21,-1000,0,-0,3.5193525339521647,4.3953946067424345,8,10000
9,[830],0,21,-1000,0,-0,0.24310265463966985,0.04650770565745457,9,10000
10,[925],0,21,-1000,0,-0,-0.24522277200850984,-0.303469507199163,10,10000
1,[69],0,22,-1000,0,-0,0.0011567718695451035,-0.12244598810613046,1,10000
2,[164],0,22,-1000,0,-0,-0.20434090244466407,0.29227167333409,2,10000
3,[259],0,22,-1000,0,-0,-2.4628856818116067,-0.7629150088462056,3,10000
4,[354],0,22,-1000,0,-0,-1.7746780307519869,-0.9070104182178065,4,10000
5,[449],0,22,-1000,0,-0,-0.30272535528362876,-2.252750628142943,5,10000
6,[544],0,22,-1000,0,-0,1.1198775052731729,1.477870576299661,6,10000
7,[639],0,22,-1000,0,-0,-0.28066798116295688,-1.4264247621529584,7,10000
8,[734],0,22,-1000,0,-0,2.6068620936070301,2.0544283342734895,8,10000
9,[829],0,22,-1000,0,-0,-0.16394923283803342,-1.5177689092688331,9,10000
10,[924],0,22,-1000,0,-0,-0.8934219418807654,-0.39515094148869356,10,10000
1,[68],0,23,-1000,0,-0,-3.3875778088257329,-4.207540935705471,1,10000
2,[163],0,23,-1000,0,-0,-0.98327148074602888,-1.4847138758927363,2,10000
3,[258],0,23,-1000,0,-0,-0.13248247718746142,0.5643633822183411,3,10000
4,[353],0,23,-1000,0,-0,-0.098994317531148401,-0.38170075526310976,4,10000
5,[448],0,23,-1000,0,-0,-2.0745367913869952,-3.280846651020913,5,10000
6,[543],0,23,-1000,0,-0,1.1710025614840818,-0.9821851891024871,6,10000
7,[638],0,23,-1000,0,-0,2.3204676795572166,3.7384819829863387,7,10000
8,[733],0,23,-1000,0,-0,-2.243078616050691,-2.521517723346803,8,10000
9,[828],0,23,-1000,0,-0,1.9796219221140485,1.555012311682124,9,10000
10,[923],0,23,-1000,0,-0,3.8190719670832785,3.18099824066358,10,10000
1,[67],0,24,-1000,0,-0,-0.34579815503332378,0.5097210670170795,1,10000
2,[162],0,24,-1000,0,-0,3.9010099816255566,3.5254292356825796,2,10000
3,[257],0,24,-1000,0,-0,-1.3541447313753965,-0.36027832453706754,3,10000
4,[352],0,24,-1000,0,-0,-1.1135960745720086,-0.8615267548241308,4,10000
5,[447],0,24,-1000,0,-0,-1.1287317044089662,-2.6629492474825764,5,10000
6,[542],0,24,-1000,0,-0,-0.99318337536539159,-0.899565758060846,6,10000
7,[637],0,24,-1000,0,-0,-1.2400265165859001,-1.8051800338839126,7,10000
8,[732],0,24,-1000,0,-0,0.23477301191995159,-2.2512091779656522,8,10000
9,[827],0,24,-1000,0,-0,5.1492066288391367,4.718127955860678,9,10000
10,[922],0,24,-1000,0,-0,2.7356564907116079,2.716316535140758,10,10000
1,[66],0,25,-9,1,-0,4.0088222942033811,4.172394416582005,1,10
2,[161],0,25,-8,1,-0,-0.75762779385028511,-1.1969504507286353,2,10
3,[256],0,25,-7,1,-0,-2.6273896235634813,-1.0112220467506234,3,10
4,[351],0,25,-6,1,-0,-2.5968626143248179,-2.9908695267535936,4,10
5,[446],0,25,-5,1,-0,1.0979459298092653,-0.0011362518873392347,5,10
6,[541],0,25,-4,1,-0,1.2310923892856267,0.9189775486352261,6,10
7,[636],0,25,-3,1,-0,3.854713095377527,4.569370941701516,7,10
8,[731],0,25,-2,1,-0,-1.2103747273098766,-0.9009515943959652,8,10
9,[826],0,25,-1,1,-0,0.95379889932380169,0.7715751149156626,9,10
10,[921],1,25,0,1,-9,0.68321797564993936,-6.89088365601803,10,10
1,[65],0,26,-8,1,-0,-1.1726802639986431,-1.9871482827736182,1,9
2,[160],0,26,-7,1,-0,-1.5382029784475306,-2.7465207623281414,2,9
3,[255],0,26,-6,1,-0,-1.488969081054651,-2.3459777003833793,3,9
4,[350],0,26,-5,1,-0,-1.3933654755707825,-1.5440091623584271,4,9
5,[445],0,26,-4,1,-0,1.5637666728998185,1.297594321839118,5,9
6,[540],0,26,-3,1,-0,-0.56066718578488517,0.4895016463699656,6,9
7,[635],0,26,-2,1,-0,0.63045892768952516,1.4211688924201555,7,9
8,[730],0,26,-1,1,-0,1.1327692083487724,-0.4578008179251052,8,9
9,[825],1,26,0,1,-8,1.732167849190585,-6.701445983267483,9,9
10,[920],1,26,1,1,-7,3.4622876424043456,-4.04070345246638,10,9
1,[64],0,27,-7,1,-0,2.1945743693754656,0.3606457920957986,1,8
2,[159],0,27,-6,1,-0,-4.3773695236276682,-4.784184667070475,2,8
3,[254],0,27,-5,1,-0,-3.0935389222436829,-3.6027196958996432,3,8
4,[349],0,27,-4,1,-0,0.34243509187409404,-1.0630703544942683,4,8
5,[444],0,27,-3,1,-0,0.56329563593764409,1.5140083295219198,5,8
6,[539],0,27,-2,1,-0,-0.013732512265857005,0.42147800260315804,6,8
7,[634],0,27,-1,1,-0,1.5693258453246171,1.2080374207034466,7,8
8,[729],1,27,0,1,-7,3.2676684525599011,-3.078360656874752,8,8
9,[824],1,27,1,1,-6,-2.5500553956777985,-8.755908025893797,9,8
10,[919],1,27,2,1,-5,-4.0531209711902427,-7.906118254009747,10,8
1,[63],0,28,-6,1,-0,-6.1972864250267818,-6.466299962957209,1,7
2,[158],0,28,-5,1,-0,-1.7835673312856648,-1.0206610133992864,2,7
3,[253],0,28,-4,1,-0,-1.6594172226393233,-1.0259683031444706,3,7
4,[348],0,28,-3,1,-0,0.5104428250202292,-0.6027258006057216,4,7
5,[443],0,28,-2,1,-0,-1.0027177476263092,-1.8299707916725718,5,7
6,[538],0,28,-1,1,-0,-0.1165834377950207,1.9027491018383558,6,7
7,[633],1,28,0,1,-6,-1.5156451709635883,-8.960854843809454,7,7
8,[728],1,28,1,1,-5,2.0707109628181821,-2.08062848322705,8,7
9,[823],1,28,2,1,-4,1.0935736679889456,-1.831718870560183,9,7
10,[918],1,28,3,1,-3,5.3063482578838546,0.43519066693995967,10,7
1,[62],0,29,-5,1,-0,-1.0814902973777212,-2.9160178780743653,1,6
2,[157],0,29,-4,1,-0,3.6750558656101204,2.3994371624462714,2,6
3,[252],0,29,-3,1,-0,-0.36496301088251171,-0.3706309040230433,3,6
4,[347],0,29,-2,1,-0,0.40980700166021256,-0.24582559481376154,4,6
5,[442],0,29,-1,1,-0,0.15397633548736014,2.02426001654933,5,6
6,[537],1,29,0,1,-5,1.4614358942578876,-5.457825236771358,6,6
7,[632],1,29,1,1,-4,0.031181024241446975,-5.441573124861251,7,6
8,[727],1,29,2,1,-3,4.0353603727845915,0.8011992701487705,8,6
9,[822],1,29,3,1,-2,4.3203607521150307,3.1837636213887652,9,6
10,[917],1,29,4,1,-1,-1.4124757065131135,-1.4719661866866778,10,6
1,[88],0,3,-1000,0,-0,1.4115795351093965,1.0738883792470264,1,10000
2,[183],0,3,-1000,0,-0,-2.8409034426674795,-3.862650812687213,2,10000
3,[278],0,3,-1000,0,-0,-0.41337604941547279,0.08434615393180495,3,10000
4,[373],0,3,-1000,0,-0,1.1395175639834512,1.2328170004511614,4,10000
5,[468],0,3,-1000,0,-0,-1.213697296740577,-1.6017855742179967,5,10000
6,[563],0,3,-1000,0,-0,1.8103524749221294,1.9621303168959225,6,10000
7,[658],0,3,-1000,0,-0,-2.4720440328750204,-3.0278415174810034,7,10000
8,[753],0,3,-1000,0,-0,1.1850216601575481,-1.3556362008216123,8,10000
9,[848],0,3,-1000,0,-0,4.3102956253144065,3.989512602880255,9,10000
10,[943],0,3,-1000,0,-0,2.8817201458469683,3.348967541576199,10,10000
1,[61],0,30,-4,1,-0,-3.473091500234605,-4.8834664662281915,1,5
2,[156],0,30,-3,1,-0,-2.5913744821585238,-5.804563014579353,2,5
3,[251],0,30,-2,1,-0,2.3456692101667729,1.9308786406486589,3,5
4,[346],0,30,-1,1,-0,-0.77966951069962476,0.9241296931145302,4,5
5,[441],1,30,0,1,-4,-0.1682562975357961,-4.985133882989658,5,5
6,[536],1,30,1,1,-3,-0.53830230180892269,-4.313853217014268,6,5
7,[631],1,30,2,1,-2,-2.1742489447041411,-5.549459391115136,7,5
8,[726],1,30,3,1,-1,1.1985816067664508,1.1756642708686753,8,5
9,[821],1,30,4,1,0,2.0195948637320367,1.9463128597365749,9,5
10,[916],1,30,5,1,1,-2.2541225122481667,-1.973247446506592,10,5
1,[60],0,31,-3,1,-0,-1.4940641889356752,-2.268380508294384,1,4
2,[155],0,31,-2,1,-0,0.74809291783042431,0.5611576502565669,2,4
3,[250],0,31,-1,1,-0,0.73336299005980432,0.014462387837700597,3,4
4,[345],1,31,0,1,-3,-1.1763874471716695,-5.039235380408341,4,4
5,[440],1,31,1,1,-2,0.52511849619423667,-2.2181291857810135,5,4
6,[535],1,31,2,1,-1,-0.51570777762665221,-0.8508388043600443,6,4
7,[630],1,31,3,1,0,-0.95522344525781733,-0.6968623163166827,7,4
8,[725],1,31,4,1,1,0.63759013962940969,1.8514163423283063,8,4
9,[820],1,31,5,1,2,0.53299623693829057,0.42405503308023906,9,4
10,[915],1,31,6,1,3,7.2390311326211281,11.13280887667366,10,4
1,[59],0,32,-2,1,-0,0.20389746506313822,1.3361265977918921,1,3
2,[154],0,32,-1,1,-0,1.1297115519512952,1.2348495709884622,2,3
3,[249],1,32,0,1,-2,-1.4016379442091726,-4.3301958688204145,3,3
4,[344],1,32,1,1,-1,-1.489250302477422,-3.9234720739852986,4,3
5,[439],1,32,2,1,0,1.2885042826465813,1.7918628089284057,5,3
6,[534],1,32,3,1,1,0.99723893915641271,1.8276848694997718,6,3
7,[629],1,32,4,1,2,-0.76156771796430756,0.6873343516364537,7,3
8,[724],1,32,5,1,3,-1.5259032227234068,0.910905240485449,8,3
9,[819],1,32,6,1,4,-0.54428475373620877,4.645277805493526,9,3
10,[914],1,32,7,1,5,-4.8858866793135469,-1.713549412427417,10,3
1,[58],0,33,-1,1,-0,-1.6666018838835406,-0.30248268848397086,1,2
2,[153],1,33,0,1,-1,-1.7472377265896926,-1.8757923121809474,2,2
3,[248],1,33,1,1,0,-1.5978082034155641,-2.5242124510954644,3,2
4,[343],1,33,2,1,1,1.477902439240705,1.1717339802315279,4,2
5,[438],1,33,3,1,2,2.3681316612588916,4.951207504629627,5,2
6,[533],1,33,4,1,3,0.147506977833331,2.8781097136624254,6,2
7,[628],1,33,5,1,4,2.0079146539077835,5.796592094538838,7,2
8,[723],1,33,6,1,5,2.0287203066814881,7.819745070519222,8,2
9,[818],1,33,7,1,6,3.4057672951723008,9.107189269465612,9,2
10,[913],1,33,8,1,7,1.5147122161471385,8.878210956660409,10,2
1,[57],0,34,-1000,0,-0,-1.9124540405094708,-2.3068275935322307,1,10000
2,[152],0,34,-1000,0,-0,2.9280293729605007,2.3057029547330306,2,10000
3,[247],0,34,-1000,0,-0,-1.6651836186402595,-2.977482402011609,3,10000
4,[342],0,34,-1000,0,-0,-0.819150240832621,-1.6341431591153595,4,10000
5,[437],0,34,-1000,0,-0,0.45500036782570652,1.9520498199063958,5,10000
6,[532],0,34,-1000,0,-0,-0.4257854283652388,-0.8862266373641261,6,10000
7,[627],0,34,-1000,0,-0,1.594707690771735,2.16361339728351,7,10000
8,[722],0,34,-1000,0,-0,-0.371673890640417,0.6248747038780492,8,10000
9,[817],0,34,-1000,0,-0,0.52767521013265728,1.1713161668588645,9,10000
10,[912],0,34,-1000,0,-0,-4.1811781785134956,-2.828290266354273,10,10000
1,[56],0,35,-1000,0,-0,-0.10406301628361336,1.6070954911922422,1,10000
2,[151],0,35,-1000,0,-0,-4.288501774718096,-4.322186550755731,2,10000
3,[246],0,35,-1000,0,-0,-0.16923595685565651,0.10609434276310603,3,10000
4,[341],0,35,-1000,0,-0,-3.4424983925373769,-3.2132863507323304,4,10000
5,[436],0,35,-1000,0,-0,-1.3531021135649126,-0.6859316672652289,5,10000
6,[531],0,35,-1000,0,-0,-0.41454340154955993,-1.404380476488896,6,10000
7,[626],0,35,-1000,0,-0,-1.1289414514113845,-2.758261356925948,7,10000
8,[721],0,35,-1000,0,-0,2.3979356872981192,-0.04523054988724429,8,10000
9,[816],0,35,-1000,0,-0,0.33518649935054545,-0.23282631592539194,9,10000
10,[911],0,35,-1000,0,-0,0.36907437823987865,1.8500937024570385,10,10000
1,[55],0,36,-1000,0,-0,-4.245076431922902,-4.87233451792778,1,10000
2,[150],0,36,-1000,0,-0,-2.5958627970194814,-2.7283624250330027,2,10000
3,[245],0,36,-1000,0,-0,0.20104305946920642,0.19100164321463223,3,10000
4,[340],0,36,-1000,0,-0,-0.75885533288707341,-1.5882701005222195,4,10000
5,[435],0,36,-1000,0,-0,-2.6368854603038661,-1.2491765923463145,5,10000
6,[530],0,36,-1000,0,-0,1.1275591056324343,1.2299919663832355,6,10000
7,[625],0,36,-1000,0,-0,1.2976684058639969,0.48511628393641193,7,10000
8,[720],0,36,-1000,0,-0,2.7510760945134352,2.100520431009839,8,10000
9,[815],0,36,-1000,0,-0,-0.89748545641120714,-1.484561328440781,9,10000
10,[910],0,36,-1000,0,-0,2.6148074517721129,3.319013957322094,10,10000
1,[54],0,37,-1000,0,-0,-2.5081745845456238,-1.2952852137163884,1,10000
2,[149],0,37,-1000,0,-0,1.0000638847412411,1.1168700976668762,2,10000
3,[244],0,37,-1000,0,-0,-5.3636298973249703,-4.7561743420691,3,10000
4,[339],0,37,-1000,0,-0,-2.3081227788615468,-3.479371413284655,4,10000
5,[434],0,37,-1000,0,-0,0.4240042976406625,0.6824868890266234,5,10000
6,[529],0,37,-1000,0,-0,-2.5634175019376411,-0.8378564452868125,6,10000
7,[624],0,37,-1000,0,-0,0.52564857912388696,0.012289732929127939,7,10000
8,[719],0,37,-1000,0,-0,4.6497768062536018,3.378968998223919,8,10000
9,[814],0,37,-1000,0,-0,-0.48075942859350329,-1.457420126738647,9,10000
10,[909],0,37,-1000,0,-0,4.0413379881236215,5.792384862582525,10,10000
1,[53],0,38,-1000,0,-0,3.5156231567677674,3.2644151978121174,1,10000
2,[148],0,38,-1000,0,-0,-3.6026398987964727,-4.824833224818726,2,10000
3,[243],0,38,-1000,0,-0,1.2734401518661596,0.7703101164810645,3,10000
4,[338],0,38,-1000,0,-0,0.38547970620470606,0.045024870844074805,4,10000
5,[433],0,38,-1000,0,-0,-0.10785754961004912,-0.6431142492176564,5,10000
6,[528],0,38,-1000,0,-0,-0.69888841143835356,-0.21282951520589544,6,10000
7,[623],0,38,-1000,0,-0,-3.9522808356647841,-3.3687549025776455,7,10000
8,[718],0,38,-1000,0,-0,-2.9354079477435926,-1.7045938389078887,8,10000
9,[813],0,38,-1000,0,-0,-0.87645829647029139,-2.2039220785423885,9,10000
10,[908],0,38,-1000,0,-0,1.9982954532800723,1.9828295504951514,10,10000
1,[52],0,39,-1000,0,-0,2.1111021666654279,2.9130639569363095,1,10000
2,[147],0,39,-1000,0,-0,-4.5170232121626572,-4.754938739832993,2,10000
3,[242],0,39,-1000,0,-0,0.43069432455841172,-0.43932902112865313,3,10000
4,[337],0,39,-1000,0,-0,1.8795350072466439,0.6764672544194517,4,10000
5,[432],0,39,-1000,0,-0,-1.8808481704189859,-1.756812622513227,5,10000
6,[527],0,39,-1000,0,-0,1.9934768415416666,2.795049345244,6,10000
7,[622],0,39,-1000,0,-0,0.9087613475171451,0.9722318188741961,7,10000
8,[717],0,39,-1000,0,-0,-1.5437256429570145,-0.9314230828468562,8,10000
9,[812],0,39,-1000,0,-0,0.49804528441491847,-1.7216068329338796,9,10000
10,[907],0,39,-1000,0,-0,1.220929232641264,-0.5546392180926121,10,10000
1,[87],0,4,-1000,0,-0,1.5333711958504983,2.2445851601743763,1,10000
2,[182],0,4,-1000,0,-0,-0.32629850603970645,-0.747643634123361,2,10000
3,[277],0,4,-1000,0,-0,-0.16615822930795154,-0.19323407330150805,3,10000
4,[372],0,4,-1000,0,-0,0.4150101290331687,-0.01499920735235255,4,10000
5,[467],0,4,-1000,0,-0,2.5081779664269117,2.104563917314925,5,10000
6,[562],0,4,-1000,0,-0,0.015688219076637006,-0.840282990669447,6,10000
7,[657],0,4,-1000,0,-0,0.40714520769693635,-0.5512315850942173,7,10000
8,[752],0,4,-1000,0,-0,3.4547590718517425,1.8570777577813549,8,10000
9,[847],0,4,-1000,0,-0,0.60376932213820889,0.9271194780057264,9,10000
10,[942],0,4,-1000,0,-0,-0.15097316562135288,0.6944942467348447,10,10000
1,[51],0,40,-1000,0,-0,-4.4637654714481112,-2.0625433694768898,1,10000
2,[146],0,40,-1000,0,-0,-3.2791982283185162,-4.4383161584860575,2,10000
3,[241],0,40,-1000,0,-0,-1.3330736496403528,-0.01837737432498532,3,10000
4,[336],0,40,-1000,0,-0,-0.81540555153839889,-0.20100955181031088,4,10000
5,[431],0,40,-1000,0,-0,-2.0002639750325928,-1.7532546515959544,5,10000
6,[526],0,40,-1000,0,-0,-0.28972935415018419,0.02489485080812187,6,10000
7,[621],0,40,-1000,0,-0,-1.6543203507940207,-2.75552971157901,7,10000
8,[716],0,40,-1000,0,-0,2.117750285736578,1.6914235618750086,8,10000
9,[811],0,40,-1000,0,-0,-4.0408384929957659,-3.200319564749733,9,10000
10,[906],0,40,-1000,0,-0,2.1161027301574671,1.8935281592008482,10,10000
1,[50],0,41,-1000,0,-0,-0.69063110299893815,-1.7010961890031528,1,10000
2,[145],0,41,-1000,0,-0,-1.9233888830018273,-1.151484873259487,2,10000
3,[240],0,41,-1000,0,-0,-1.0002042017265595,1.260011590133666,3,10000
4,[335],0,41,-1000,0,-0,0.05632070264308886,0.12447723070206997,4,10000
5,[430],0,41,-1000,0,-0,-1.0578614407872464,-1.0033846017222559,5,10000
6,[525],0,41,-1000,0,-0,-1.1375249744099976,0.15773821645009756,6,10000
7,[620],0,41,-1000,0,-0,3.3067699601065295,3.0862033489257144,7,10000
8,[715],0,41,-1000,0,-0,-1.4683851845775044,-3.4441691468025684,8,10000
9,[810],0,41,-1000,0,-0,-1.0696891053281288,-0.3372956520930893,9,10000
10,[905],0,41,-1000,0,-0,2.9126579873505682,1.2697553657817244,10,10000
1,[49],0,42,-1000,0,-0,-3.1363232802886962,-2.9129009683456486,1,10000
2,[144],0,42,-1000,0,-0,-1.2590986546207619,-1.4020033655418622,2,10000
3,[239],0,42,-1000,0,-0,-0.1085687047125572,0.9267577167083365,3,10000
4,[334],0,42,-1000,0,-0,0.50881175082410512,1.300162416849335,4,10000
5,[429],0,42,-1000,0,-0,-0.8835807224940686,-0.8202349294234905,5,10000
6,[524],0,42,-1000,0,-0,-0.090010205691188866,-0.040408646169041953,6,10000
7,[619],0,42,-1000,0,-0,-0.73135923936131231,-1.221801945781072,7,10000
8,[714],0,42,-1000,0,-0,-0.71138082234678757,-0.6998828365203362,8,10000
9,[809],0,42,-1000,0,-0,2.6807745784626391,5.5209597235005585,9,10000
10,[904],0,42,-1000,0,-0,1.267254430208963,1.0285731119035029,10,10000
1,[48],0,43,-1000,0,-0,-0.54440936558491715,-0.5024106114976467,1,10000
2,[143],0,43,-1000,0,-0,-0.21944881381953085,-2.0936541325888487,2,10000
3,[238],0,43,-1000,0,-0,-0.61522444227471851,-0.5499580252740285,3,10000
4,[333],0,43,-1000,0,-0,1.7212337875982895,0.11692159361821974,4,10000
5,[428],0,43,-1000,0,-0,0.95503220781843967,0.2964871528012978,5,10000
6,[523],0,43,-1000,0,-0,0.75741807976229225,0.4167590181858563,6,10000
7,[618],0,43,-1000,0,-0,0.61469217520509356,0.5788767316204363,7,10000
8,[713],0,43,-1000,0,-0,-1.8502514804807171,-1.5971136710217548,8,10000
9,[808],0,43,-1000,0,-0,2.2169460864087256,1.842233779386985,9,10000
10,[903],0,43,-1000,0,-0,4.6288271372685053,3.9901332841198256,10,10000
1,[47],0,44,-9,1,-0,0.69493248933587326,0.8467885288818542,1,10
2,[142],0,44,-8,1,-0,-4.8566892376762567,-5.420938517859688,2,10
3,[237],0,44,-7,1,-0,1.0382665471475114,-0.25036055644956523,3,10
4,[332],0,44,-6,1,-0,2.3507110940145353,1.291054206153081,4,10
5,[427],0,44,-5,1,-0,-2.9243255061842457,-3.1933614448334064,5,10
6,[522],0,44,-4,1,-0,0.63416408420338422,1.108729292619935,6,10
7,[617],0,44,-3,1,-0,0.1334913603935774,0.5902279599824496,7,10
8,[712],0,44,-2,1,-0,4.1826531390977575,3.8882600217242165,8,10
9,[807],0,44,-1,1,-0,2.0020553148974702,2.454090921214544,9,10
10,[902],1,44,0,1,-9,2.7823968395951857,-6.160037290028355,10,10
1,[46],0,45,-8,1,-0,-1.8541862294075908,-1.3687976644153217,1,9
2,[141],0,45,-7,1,-0,-4.0708640636234001,-3.256800648477986,2,9
3,[236],0,45,-6,1,-0,-1.1805915039910704,-1.436163138230974,3,9
4,[331],0,45,-5,1,-0,0.70060260510871009,0.6110827279619911,4,9
5,[426],0,45,-4,1,-0,0.10401467882626989,0.3375752501465731,5,9
6,[521],0,45,-3,1,-0,-2.410881144109946,-1.7800737537422329,6,9
7,[616],0,45,-2,1,-0,0.029384656094541606,2.258943704440292,7,9
8,[711],0,45,-1,1,-0,4.2390948988782036,3.8878450866032814,8,9
9,[806],1,45,0,1,-8,-3.1206782476843258,-12.01356995792406,9,9
10,[901],1,45,1,1,-7,0.29924499499822721,-6.248298891170627,10,9
1,[45],0,46,-7,1,-0,0.40607507609319438,0.553648480142628,1,8
2,[140],0,46,-6,1,-0,-1.1793518282173876,-1.5697702463043137,2,8
3,[235],0,46,-5,1,-0,-1.3480451804506364,-1.5013624362048124,3,8
4,[330],0,46,-4,1,-0,-0.81309295205529553,-1.6091468447188617,4,8
5,[425],0,46,-3,1,-0,-0.67188266023683663,-3.467844155448063,5,8
6,[520],0,46,-2,1,-0,0.80480642040280692,0.3018370213717647,6,8
7,[615],0,46,-1,1,-0,-2.2942678348511762,-3.283718143108533,7,8
8,[710],1,46,0,1,-7,-0.64803083044579679,-6.431787359717393,8,8
9,[805],1,46,1,1,-6,1.8895873473579741,-3.5022225711637063,9,8
10,[900],1,46,2,1,-5,7.3440559578735556,2.3898291823384916,10,8
1,[44],0,47,-6,1,-0,-0.63042890223939907,0.11165286968707777,1,7
2,[139],0,47,-5,1,-0,3.4112638273119322,2.50727037268177,2,7
3,[234],0,47,-4,1,-0,-1.8886860427771039,-0.5072317947974292,3,7
4,[329],0,47,-3,1,-0,0.87218378784695993,-0.2411536743051924,4,7
5,[424],0,47,-2,1,-0,-1.7777931549425134,-0.8714134232737877,5,7
6,[519],0,47,-1,1,-0,-0.64815041455333555,-0.3783794609283926,6,7
7,[614],1,47,0,1,-6,1.8122885039170171,-3.7068162559721953,7,7
8,[709],1,47,1,1,-5,2.8028586485368612,-3.07421631026338,8,7
9,[804],1,47,2,1,-4,3.288128918591489,-0.09889602530354225,9,7
10,[899],1,47,3,1,-3,5.0255866465874242,0.5659208408945835,10,7
1,[43],0,48,-5,1,-0,-3.381288047325361,-2.500010259549182,1,6
2,[138],0,48,-4,1,-0,-2.8832012838549685,-3.371403793280769,2,6
3,[233],0,48,-3,1,-0,-4.6101673693495,-4.975298981082555,3,6
4,[328],0,48,-2,1,-0,-2.6662024310085743,-1.4349562157587556,4,6
5,[423],0,48,-1,1,-0,-3.7054113608669512,-4.996584799712171,5,6
6,[518],1,48,0,1,-5,0.096704446673582883,-4.925795658229017,6,6
7,[613],1,48,1,1,-4,-1.9029650119865886,-6.635480320999746,7,6
8,[708],1,48,2,1,-3,-1.6466179306570234,-4.67401232369993,8,6
9,[803],1,48,3,1,-2,1.5673931069136426,0.5920743345126673,9,6
10,[898],1,48,4,1,-1,3.6526515843429328,2.2689020008508387,10,6
1,[42],0,49,-4,1,-0,-3.333204172916195,-1.4134337102949968,1,5
2,[137],0,49,-3,1,-0,-3.6929714966744709,-2.8977974784021603,2,5
3,[232],0,49,-2,1,-0,1.3047360565416577,-0.0313176879612973,3,5
4,[327],0,49,-1,1,-0,-3.9690694852193906,-2.578248974176799,4,5
5,[422],1,49,0,1,-4,0.066868723567524629,-5.237235033866856,5,5
6,[517],1,49,1,1,-3,1.7218372892447356,-3.4164807359637397,6,5
7,[612],1,49,2,1,-2,0.46656802158618305,-0.5344710836202075,7,5
8,[707],1,49,3,1,-1,-0.93840873771426725,-1.3808275180065603,8,5
9,[802],1,49,4,1,0,0.21011983262993583,1.1412861424284415,9,5
10,[897],1,49,5,1,1,-0.83057295087316385,-1.0141321050945624,10,5
1,[86],0,5,-1000,0,-0,-2.9579758378744221,-1.176451363087252,1,10000
2,[181],0,5,-1000,0,-0,-1.6107390947695688,-0.4792065814886639,2,10000
3,[276],0,5,-1000,0,-0,-1.5994565339324418,-0.4851777987183825,3,10000
4,[371],0,5,-1000,0,-0,1.4931254355832002,0.24432201398680253,4,10000
5,[466],0,5,-1000,0,-0,-1.4543137262067665,-1.0416722693736162,5,10000
6,[561],0,5,-1000,0,-0,-0.17033489853227954,-0.7964999183280107,6,10000
7,[656],0,5,-1000,0,-0,1.9382767367661229,0.7195693652180397,7,10000
8,[751],0,5,-1000,0,-0,0.70729262247515201,-1.2376337535606092,8,10000
9,[846],0,5,-1000,0,-0,1.7111372858834522,0.5437908706340484,9,10000
10,[941],0,5,-1000,0,-0,0.32746983017849951,0.8301884735681837,10,10000
1,[41],0,50,-3,1,-0,-0.13756470738479232,-1.0641508495307428,1,4
2,[136],0,50,-2,1,-0,-2.2460140826004267,-1.0291260714993014,2,4
3,[231],0,50,-1,1,-0,-2.5130948931886397,-3.4979011859363687,3,4
4,[326],1,50,0,1,-3,-0.96258165406779739,-3.1152862383525046,4,4
5,[421],1,50,1,1,-2,0.8272061867094449,-0.7157039876279634,5,4
6,[516],1,50,2,1,-1,0.19583550834711222,-2.224063454992103,6,4
7,[611],1,50,3,1,0,-0.48106452213129269,0.26705089215894495,7,4
8,[706],1,50,4,1,1,2.161708834146586,3.95061759145431,8,4
9,[801],1,50,5,1,2,0.6382757551772692,3.507878528356303,9,4
10,[896],1,50,6,1,3,2.1693545662510072,5.591410936064682,10,4
1,[40],0,51,-2,1,-0,0.22243367084964394,-0.755469270168468,1,3
2,[135],0,51,-1,1,-0,-4.9107334217200078,-6.216129345525312,2,3
3,[230],1,51,0,1,-2,-0.45205510966147017,-3.9138267959625055,3,3
4,[325],1,51,1,1,-1,-0.14724582878414377,-1.7028919332156138,4,3
5,[420],1,51,2,1,0,-0.19542732453643774,-0.5253578118501407,5,3
6,[515],1,51,3,1,1,0.77681259479050158,1.4847271798989226,6,3
7,[610],1,51,4,1,2,1.6071881911657693,3.7081939043648995,7,3
8,[705],1,51,5,1,3,3.2686822921244127,6.417032585407632,8,3
9,[800],1,51,6,1,4,7.9953695745199909,13.17386090380047,9,3
10,[895],1,51,7,1,5,3.7891171742143515,8.313789045905875,10,3
1,[39],0,52,-1,1,-0,-2.2160199844593391,-1.9378013353945978,1,2
2,[134],1,52,0,1,-1,1.3916501611362628,0.7811537039499996,2,2
3,[229],1,52,1,1,0,1.0637798601037316,3.454356560065585,3,2
4,[324],1,52,2,1,1,-2.1405239681246071,-1.4417530475611688,4,2
5,[419],1,52,3,1,2,1.9070382650324873,0.6538181921295554,5,2
6,[514],1,52,4,1,3,0.59091636770839784,3.4326167905627645,6,2
7,[609],1,52,5,1,4,0.0037633340481324495,4.316593779960643,7,2
8,[704],1,52,6,1,5,-1.6271286737426967,4.348716335221136,8,2
9,[799],1,52,7,1,6,-3.3744570727985583,1.5466281376795616,9,2
10,[894],1,52,8,1,7,3.3007615371448829,10.653616418561416,10,2
1,[38],0,53,-1000,0,-0,0.39232901576964463,0.38596008685479977,1,10000
2,[133],0,53,-1000,0,-0,-1.3441274751082668,-2.0284248697669285,2,10000
3,[228],0,53,-1000,0,-0,-0.87994605837241424,-2.532056329849684,3,10000
4,[323],0,53,-1000,0,-0,-1.3281534061812863,-1.3663811770962864,4,10000
5,[418],0,53,-1000,0,-0,0.58482927911407434,2.160145955904789,5,10000
6,[513],0,53,-1000,0,-0,-0.18645065577436651,0.8517241897770217,6,10000
7,[608],0,53,-1000,0,-0,1.3730853941150505,0.27088564412756155,7,10000
8,[703],0,53,-1000,0,-0,1.796598273367614,2.935378914338913,8,10000
9,[798],0,53,-1000,0,-0,-0.96349793478435686,-1.5387909485187694,9,10000
10,[893],0,53,-1000,0,-0,-0.83197765066140317,0.22845911582450973,10,10000
1,[37],0,54,-1000,0,-0,1.2566566381845274,2.9126603723313513,1,10000
2,[132],0,54,-1000,0,-0,-2.6642374620206146,-1.2979288531731095,2,10000
3,[227],0,54,-1000,0,-0,1.1809685220251356,0.8896437173010114,3,10000
4,[322],0,54,-1000,0,-0,-1.0581963947218684,-1.060752230772258,4,10000
5,[417],0,54,-1000,0,-0,-0.93433787332945595,0.44195715549415804,5,10000
6,[512],0,54,-1000,0,-0,0.88099449319689049,0.9222130255134966,6,10000
7,[607],0,54,-1000,0,-0,-0.96028004666579603,-0.7329696598850506,7,10000
8,[702],0,54,-1000,0,-0,3.1042681926538682,3.0961301078247816,8,10000
9,[797],0,54,-1000,0,-0,-1.0942768454325265,-0.7241682869887802,9,10000
10,[892],0,54,-1000,0,-0,0.62281120395563583,1.5100021374489896,10,10000
1,[36],0,55,-1000,0,-0,-1.7181085137832162,-0.8481029890929364,1,10000
2,[131],0,55,-1000,0,-0,-2.3896242175720372,-2.815348619046059,2,10000
3,[226],0,55,-1000,0,-0,-3.0885748398303461,-2.60632761705419,3,10000
4,[321],0,55,-1000,0,-0,-0.51527708219136759,0.24490058283104021,4,10000
5,[416],0,55,-1000,0,-0,-0.20417984677398029,-0.28376505028144716,5,10000
6,[511],0,55,-1000,0,-0,1.6787382735438683,3.3465035844232376,6,10000
7,[606],0,55,-1000,0,-0,1.2300157481071869,1.0341300529932989,7,10000
8,[701],0,55,-1000,0,-0,0.49854140222552351,-2.0505654927914163,8,10000
9,[796],0,55,-1000,0,-0,1.8883382075767368,1.4850517134219465,9,10000
10,[891],0,55,-1000,0,-0,-1.9106804368951997,0.6339244233359125,10,10000
1,[35],0,56,-1000,0,-0,-2.5776300060290636,-2.810094153752478,1,10000
2,[130],0,56,-1000,0,-0,-1.8854794028125821,-3.084013012899071,2,10000
3,[225],0,56,-1000,0,-0,0.17875541414064122,0.29760042914744816,3,10000
4,[320],0,56,-1000,0,-0,0.91870485140996527,-0.24494176027973602,4,10000
5,[415],0,56,-1000,0,-0,0.87321886838642171,3.0540525546211503,5,10000
6,[510],0,56,-1000,0,-0,0.53013351028534172,0.3052745136315209,6,10000
7,[605],0,56,-1000,0,-0,1.6116002261319915,2.644827650982489,7,10000
8,[700],0,56,-1000,0,-0,2.5998180461986204,5.753789463182337,8,10000
9,[795],0,56,-1000,0,-0,6.177951002802601,8.56203256609373,9,10000
10,[890],0,56,-1000,0,-0,1.7157224761440351,2.6589314067785903,10,10000
1,[34],0,57,-1000,0,-0,-2.6307562817601542,-2.1770231042189794,1,10000
2,[129],0,57,-1000,0,-0,-4.6256787277730638,-3.471586739985727,2,10000
3,[224],0,57,-1000,0,-0,-1.0535426113952941,-0.20574120389117267,3,10000
4,[319],0,57,-1000,0,-0,0.59325310441348622,0.9212445428221409,4,10000
5,[414],0,57,-1000,0,-0,-0.4066701562229359,-0.36931359126346885,5,10000
6,[509],0,57,-1000,0,-0,-0.72950355245976461,-1.2121115255248043,6,10000
7,[604],0,57,-1000,0,-0,-0.54848160681260405,-0.09717929578168527,7,10000
8,[699],0,57,-1000,0,-0,0.026017990362748988,-0.47537517556338993,8,10000
9,[794],0,57,-1000,0,-0,3.8028520477667334,4.921823845808916,9,10000
10,[889],0,57,-1000,0,-0,7.1316830811504355,7.294621128677261,10,10000
1,[33],0,58,-1000,0,-0,-5.0993336242562117,-4.222148782604413,1,10000
2,[128],0,58,-1000,0,-0,-0.53800901373859011,-0.3582038469221839,2,10000
3,[223],0,58,-1000,0,-0,-0.98163269460490032,-2.0643555055219722,3,10000
4,[318],0,58,-1000,0,-0,-1.0307385918016465,-1.4414807865612511,4,10000
5,[413],0,58,-1000,0,-0,0.52216789031703637,1.2639863665896953,5,10000
6,[508],0,58,-1000,0,-0,2.1017162744963023,3.413716403509933,6,10000
7,[603],0,58,-1000,0,-0,-1.8718827154470032,-3.225432260264642,7,10000
8,[698],0,58,-1000,0,-0,1.6632765573143118,2.3564877852751933,8,10000
9,[793],0,58,-1000,0,-0,1.6735439682771505,1.0796583029838223,9,10000
10,[888],0,58,-1000,0,-0,3.6081449727781498,1.2059427459014098,10,10000
1,[32],0,59,-1000,0,-0,-1.7039745381951481,-1.9341156744656958,1,10000
2,[127],0,59,-1000,0,-0,-4.585632281224413,-5.9832618991287765,2,10000
3,[222],0,59,-1000,0,-0,0.19686947528281185,-0.34143160075691326,3,10000
4,[317],0,59,-1000,0,-0,1.5546596799032324,0.9593331837955221,4,10000
5,[412],0,59,-1000,0,-0,-0.20333758877593752,0.7606572013065442,5,10000
6,[507],0,59,-1000,0,-0,-0.3563875416224962,0.7721015093427812,6,10000
7,[602],0,59,-1000,0,-0,0.55203378325614216,-0.5651838282547355,7,10000
8,[697],0,59,-1000,0,-0,-0.96974579088182422,-0.006479036776065206,8,10000
9,[792],0,59,-1000,0,-0,-0.032352042630785949,1.3858323105674852,9,10000
10,[887],0,59,-1000,0,-0,-4.598006350175206,-5.506497566372414,10,10000
1,[85],0,6,-9,1,-0,-0.880562468811245,-0.7159233142811172,1,10
2,[180],0,6,-8,1,-0,-3.2719840645794465,-4.050814288020389,2,10
3,[275],0,6,-7,1,-0,1.009647494453072,1.4175916469870924,3,10
4,[370],0,6,-6,1,-0,-1.7565498728539892,-1.9932991656085943,4,10
5,[465],0,6,-5,1,-0,0.43022906199621003,0.8795791477828031,5,10
6,[560],0,6,-4,1,-0,-0.71946353024718246,-0.7547445393129021,6,10
7,[655],0,6,-3,1,-0,-1.0620910211980403,-0.9608213797241882,7,10
8,[750],0,6,-2,1,-0,-0.60468807996373919,-0.9787228006945516,8,10
9,[845],0,6,-1,1,-0,1.8086857951571493,1.8620035530574948,9,10
10,[940],1,6,0,1,-9,3.3016358520346456,-4.050166601057562,10,10
1,[31],0,60,-1000,0,-0,-0.57118281617032651,-1.3607522666651555,1,10000
2,[126],0,60,-1000,0,-0,-0.039110601964001734,-0.9112901384054078,2,10000
3,[221],0,60,-1000,0,-0,-2.0676236430739978,-1.6661428966374077,3,10000
4,[316],0,60,-1000,0,-0,-1.0812214697334455,-1.3188055637799025,4,10000
5,[411],0,60,-1000,0,-0,-1.9723072056624471,0.21714878670999993,5,10000
6,[506],0,60,-1000,0,-0,0.26697265679520582,-2.7052848186522076,6,10000
7,[601],0,60,-1000,0,-0,-0.59088637262198385,1.4588051386050238,7,10000
8,[696],0,60,-1000,0,-0,-1.1167007479664726,-2.3424744957886556,8,10000
9,[791],0,60,-1000,0,-0,3.4612418926299036,2.0274590641086996,9,10000
10,[886],0,60,-1000,0,-0,1.1249573374218502,2.0702786767060797,10,10000
1,[30],0,61,-1000,0,-0,-1.8296599664394564,-2.2280359805330945,1,10000
2,[125],0,61,-1000,0,-0,-2.5240633696274837,-3.486081434864242,2,10000
3,[220],0,61,-1000,0,-0,-6.2720987864903428,-5.537768450428346,3,10000
4,[315],0,61,-1000,0,-0,-2.9100706018877016,-3.7360012805968568,4,10000
5,[410],0,61,-1000,0,-0,0.41413591181654863,1.335395804910037,5,10000
6,[505],0,61,-1000,0,-0,1.5466540375535986,2.638704614059886,6,10000
7,[600],0,61,-1000,0,-0,-0.25608946267189869,-2.048078861594423,7,10000
8,[695],0,61,-1000,0,-0,2.6207786306719814,2.1585616099120637,8,10000
9,[790],0,61,-1000,0,-0,5.2104648169867893,4.555950195766643,9,10000
10,[885],0,61,-1000,0,-0,3.9146028939690578,3.893061471110218,10,10000
1,[29],0,62,-1000,0,-0,1.9203413699457328,1.386801796368393,1,10000
2,[124],0,62,-1000,0,-0,-1.0845022711283314,0.4578235168236997,2,10000
3,[219],0,62,-1000,0,-0,-2.7134025498107417,-3.0096744412410668,3,10000
4,[314],0,62,-1000,0,-0,-1.0198103015687245,-1.591833023925076,4,10000
5,[409],0,62,-1000,0,-0,-2.5610487622877116,-3.1115621673736613,5,10000
6,[504],0,62,-1000,0,-0,-1.2257776962514917,-1.1037228814288664,6,10000
7,[599],0,62,-1000,0,-0,-1.3468308724905129,-1.5877977683341276,7,10000
8,[694],0,62,-1000,0,-0,-0.043386075513608513,1.255128888056733,8,10000
9,[789],0,62,-1000,0,-0,0.0106696772888768,-0.8822258463681646,9,10000
10,[884],0,62,-1000,0,-0,3.6546224874896884,4.656989140021068,10,10000
1,[28],0,63,-9,1,-0,-0.49351269006174237,0.03402740700190965,1,10
2,[123],0,63,-8,1,-0,-1.9371442838194848,-2.438441469249402,2,10
3,[218],0,63,-7,1,-0,-0.37782689337223324,-0.4504199981555007,3,10
4,[313],0,63,-6,1,-0,0.51179828821187379,-0.3422117143523916,4,10
5,[408],0,63,-5,1,-0,-0.97363244561215667,-0.6986415557607948,5,10
6,[503],0,63,-4,1,-0,0.34216196682630073,2.2685025741759044,6,10
7,[598],0,63,-3,1,-0,2.5958779543996142,2.578419551661246,7,10
8,[693],0,63,-2,1,-0,0.2065285733042842,1.4108734259826998,8,10
9,[788],0,63,-1,1,-0,1.180314693126354,0.17209593496267228,9,10
10,[883],1,63,0,1,-9,2.4483593079747004,-7.775653909541067,10,10
1,[27],0,64,-8,1,-0,-2.7928079281482816,-4.101161440731042,1,9
2,[122],0,64,-7,1,-0,-2.7298122339663848,-3.403981554072454,2,9
3,[217],0,64,-6,1,-0,-0.50121051901214453,2.1052339697735025,3,9
4,[312],0,64,-5,1,-0,-1.8370101304037902,-3.624790267919243,4,9
5,[407],0,64,-4,1,-0,-0.92672628554020764,-1.4819625374194514,5,9
6,[502],0,64,-3,1,-0,0.97394769687041272,0.5119853331710269,6,9
7,[597],0,64,-2,1,-0,0.035266263954232879,-1.9657362428556382,7,9
8,[692],0,64,-1,1,-0,1.8078622720592938,1.7668847953944982,8,9
9,[787],1,64,0,1,-8,-1.9138008703233584,-9.977870488168884,9,9
10,[882],1,64,1,1,-7,3.9622665624950728,-3.797738323767119,10,9
1,[26],0,65,-7,1,-0,-5.3397414881913399,-4.588350293645405,1,8
2,[121],0,65,-6,1,-0,-1.3014042822621992,-3.773365992381657,2,8
3,[216],0,65,-5,1,-0,-3.8721875612975305,-3.925366036389965,3,8
4,[311],0,65,-4,1,-0,-0.26249162146631444,-1.090224652281203,4,8
5,[406],0,65,-3,1,-0,-1.0891966982925152,-0.8962469155833857,5,8
6,[501],0,65,-2,1,-0,1.5595503391691967,1.3208562650339202,6,8
7,[596],0,65,-1,1,-0,0.14685091759372748,-0.1886039307383775,7,8
8,[691],1,65,0,1,-7,2.4851791504387708,-3.8233334163628308,8,8
9,[786],1,65,1,1,-6,6.4289556796145373,1.981744335876999,9,8
10,[881],1,65,2,1,-5,1.0797402646139476,-3.889519517278681,10,8
1,[25],0,66,-6,1,-0,-1.9656734416100949,-2.9751771943797554,1,7
2,[120],0,66,-5,1,-0,-1.3810951729234329,-1.5964796543514566,2,7
3,[215],0,66,-4,1,-0,-1.4891543139444836,-2.19492572878803,3,7
4,[310],0,66,-3,1,-0,-1.0598370502940648,0.06455530422461431,4,7
5,[405],0,66,-2,1,-0,-2.0961426770182934,-3.136190108569596,5,7
6,[500],0,66,-1,1,-0,0.0046699742857354565,0.09639401583131751,6,7
7,[595],1,66,0,1,-6,1.6094348681538531,-3.1564609661584724,7,7
8,[690],1,66,1,1,-5,-1.9697567326825594,-5.47905563538046,8,7
9,[785],1,66,2,1,-4,-1.5979529804826549,-5.442226645900505,9,7
10,[880],1,66,3,1,-3,-1.018121433690935,-6.002031329757655,10,7
1,[24],0,67,-5,1,-0,-1.7099369530088011,-2.962292877181457,1,6
2,[119],0,67,-4,1,-0,0.36271278493539127,-0.8962085660257122,2,6
3,[214],0,67,-3,1,-0,2.5018376014915589,2.891572122747173,3,6
4,[309],0,67,-2,1,-0,0.17225373277569733,-0.4661509142085203,4,6
5,[404],0,67,-1,1,-0,1.7188893821859423,1.4992207384493703,5,6
6,[499],1,67,0,1,-5,-1.8036208008944909,-7.201190251045243,6,6
7,[594],1,67,1,1,-4,-1.1533244185238587,-6.742735832973707,7,6
8,[689],1,67,2,1,-3,1.0020835263946699,-3.6674968732483944,8,6
9,[784],1,67,3,1,-2,1.5866768910132167,-0.05628107455506015,9,6
10,[879],1,67,4,1,-1,-0.80641774067835703,-1.5209618671122453,10,6
1,[23],0,68,-4,1,-0,0.024505047725463802,0.31931380729050063,1,5
2,[118],0,68,-3,1,-0,-1.4401506357045821,-0.19466145895315567,2,5
3,[213],0,68,-2,1,-0,-3.0326889091645364,-2.5037173084957036,3,5
4,[308],0,68,-1,1,-0,0.21166351925896099,0.558568788536786,4,5
5,[403],1,68,0,1,-4,0.49485881551741173,-2.1765648118624403,5,5
6,[498],1,68,1,1,-3,0.11795582175256296,-3.678300164031776,6,5
7,[593],1,68,2,1,-2,1.5715238675236338,-0.5683476919684147,7,5
8,[688],1,68,3,1,-1,-0.95428674155641946,-2.354802415473781,8,5
9,[783],1,68,4,1,0,1.6252840439104015,3.35802831483008,9,5
10,[878],1,68,5,1,1,2.6470259930871061,3.535725144406656,10,5
1,[22],0,69,-3,1,-0,-6.6704234275193039,-5.90717734717341,1,4
2,[117],0,69,-2,1,-0,-1.6161787304808319,-2.170776326815745,2,4
3,[212],0,69,-1,1,-0,-1.5075481876859658,-1.562232563524097,3,4
4,[307],1,69,0,1,-3,-3.3677375706722921,-7.713550474925043,4,4
5,[402],1,69,1,1,-2,-2.2395903435016264,-2.19669131245027,5,4
6,[497],1,69,2,1,-1,0.41818824532483445,-1.7175607415183287,6,4
7,[592],1,69,3,1,0,3.2061004496412795,2.6784248623771645,7,4
8,[687],1,69,4,1,1,0.72337243923865968,1.9507598861339912,8,4
9,[782],1,69,5,1,2,1.3975854233726173,4.393591007206126,9,4
10,[877],1,69,6,1,3,-1.3436188178886366,3.255267253359339,10,4
1,[84],0,7,-8,1,-0,-0.61647841102181578,0.05028536042066367,1,9
2,[179],0,7,-7,1,-0,-2.1721155157980601,-0.09833186979437025,2,9
3,[274],0,7,-6,1,-0,-0.058950351205328877,1.4183484713970786,3,9
4,[369],0,7,-5,1,-0,-3.4212602279755866,-1.908574352458307,4,9
5,[464],0,7,-4,1,-0,-2.490197653212324,-3.297062953003063,5,9
6,[559],0,7,-3,1,-0,0.61568750714684162,0.9573378212213433,6,9
7,[654],0,7,-2,1,-0,2.8902399958609539,3.9042655806141244,7,9
8,[749],0,7,-1,1,-0,2.1335623252556557,2.276113329424199,8,9
9,[844],1,7,0,1,-8,-0.7044237415870751,-7.898986450264664,9,9
10,[939],1,7,1,1,-7,3.5709651824131612,-2.7957961346912796,10,9
1,[21],0,70,-2,1,-0,-1.3745879222124127,-0.5895815215331331,1,3
2,[116],0,70,-1,1,-0,-1.693857169357901,-2.4123686212963653,2,3
3,[211],1,70,0,1,-2,-2.0485849624835462,-3.886858143628425,3,3
4,[306],1,70,1,1,-1,0.71798278438970031,-0.3404316993940527,4,3
5,[401],1,70,2,1,0,-0.25037931489148879,1.6292564028420138,5,3
6,[496],1,70,3,1,1,-0.86481447611463769,2.2497204700950633,6,3
7,[591],1,70,4,1,2,3.2381782397117611,4.691743571567722,7,3
8,[686],1,70,5,1,3,4.130326978998303,8.741302975012129,8,3
9,[781],1,70,6,1,4,1.8696223597564123,6.683480248207724,9,3
10,[876],1,70,7,1,5,2.4611872084942887,7.598449664330799,10,3
1,[20],0,71,-1,1,-0,0.44098018804849914,1.2149854000699793,1,2
2,[115],1,71,0,1,-1,1.7608375311244751,0.3209798942812716,2,2
3,[210],1,71,1,1,0,-0.86596649943042214,0.8912665249092573,3,2
4,[305],1,71,2,1,1,1.756482392831475,3.4912056373823748,4,2
5,[400],1,71,3,1,2,-1.0079596397979513,1.3215101436311405,5,2
6,[495],1,71,4,1,3,0.51523050348682875,3.8745302053872903,6,2
7,[590],1,71,5,1,4,-2.1976975857255026,1.951064625927466,7,2
8,[685],1,71,6,1,5,-0.58657264883755234,5.155385510470058,8,2
9,[780],1,71,7,1,6,3.3500133540189836,10.342936271808103,9,2
10,[875],1,71,8,1,7,7.5222617484990106,14.540360523476322,10,2
1,[19],0,72,-1000,0,-0,-0.042014836838463632,1.9940887725258565,1,10000
2,[114],0,72,-1000,0,-0,-1.6112415030648766,-3.259092590370213,2,10000
3,[209],0,72,-1000,0,-0,-0.95355696041004423,-0.6578313271988494,3,10000
4,[304],0,72,-1000,0,-0,0.23035840383616046,1.3171271790943435,4,10000
5,[399],0,72,-1000,0,-0,1.8325014226563734,3.115012716755432,5,10000
6,[494],0,72,-1000,0,-0,1.5711585010937663,3.4254030058456233,6,10000
7,[589],0,72,-1000,0,-0,0.1455821997203306,1.7310064722411695,7,10000
8,[684],0,72,-1000,0,-0,2.9192132812067051,2.541257501482481,8,10000
9,[779],0,72,-1000,0,-0,2.3071828235661136,1.8824247895229616,9,10000
10,[874],0,72,-1000,0,-0,6.5528650310706062,6.389966107217233,10,10000
1,[18],0,73,-1000,0,-0,0.54126871877901639,-0.5560297824132678,1,10000
2,[113],0,73,-1000,0,-0,-0.12185698240121923,-0.22670904763600855,2,10000
3,[208],0,73,-1000,0,-0,0.33100806458130572,1.1071805142628781,3,10000
4,[303],0,73,-1000,0,-0,-2.4916163591130052,-3.83038036833032,4,10000
5,[398],0,73,-1000,0,-0,-1.8527894540136705,-0.5602207155479308,5,10000
6,[493],0,73,-1000,0,-0,-0.25569674233576578,-0.4097115283092607,6,10000
7,[588],0,73,-1000,0,-0,0.14451026480409329,0.05824176576451344,7,10000
8,[683],0,73,-1000,0,-0,1.1148291170859661,0.3586221812133026,8,10000
9,[778],0,73,-1000,0,-0,-2.4719735119869104,-2.5254539166717653,9,10000
10,[873],0,73,-1000,0,-0,1.6586616770343361,0.6934272516016577,10,10000
1,[17],0,74,-1000,0,-0,0.85588847042190608,-0.4781387904741701,1,10000
2,[112],0,74,-1000,0,-0,-1.8369890987753417,-2.3027179882094377,2,10000
3,[207],0,74,-1000,0,-0,-3.2135458860591704,-3.504706029693975,3,10000
4,[302],0,74,-1000,0,-0,-0.70614576134110485,0.4503328185954154,4,10000
5,[397],0,74,-1000,0,-0,-0.46885545965915931,0.6199191528938223,5,10000
6,[492],0,74,-1000,0,-0,0.61320207227951151,1.5644851411200165,6,10000
7,[587],0,74,-1000,0,-0,-2.2059217531973032,-3.0140862214565534,7,10000
8,[682],0,74,-1000,0,-0,3.9738481016409666,5.873724634551895,8,10000
9,[777],0,74,-1000,0,-0,-2.5731278752482827,-2.3988213289081965,9,10000
10,[872],0,74,-1000,0,-0,3.3344564382131354,3.222885145268375,10,10000
1,[16],0,75,-1000,0,-0,-1.6074582029532503,-2.1988866731694077,1,10000
2,[111],0,75,-1000,0,-0,-1.9276572840099166,-2.717457730152824,2,10000
3,[206],0,75,-1000,0,-0,-1.4472833232635582,-0.16933083732733656,3,10000
4,[301],0,75,-1000,0,-0,-1.2585679751557843,-1.4262471222172208,4,10000
5,[396],0,75,-1000,0,-0,1.0208432949834161,1.0938302367847375,5,10000
6,[491],0,75,-1000,0,-0,-0.32187063928721671,-0.5101892935251707,6,10000
7,[586],0,75,-1000,0,-0,0.067508709630999031,-0.3807972012767951,7,10000
8,[681],0,75,-1000,0,-0,0.28317505899604756,-1.709727451519313,8,10000
9,[776],0,75,-1000,0,-0,2.9851719992258072,3.0986668443250105,9,10000
10,[871],0,75,-1000,0,-0,1.0532006285575135,0.12796936232685796,10,10000
1,[15],0,76,-1000,0,-0,-1.6812111956863069,-1.855758124417531,1,10000
2,[110],0,76,-1000,0,-0,-2.0891562954741438,-1.4121024045302626,2,10000
3,[205],0,76,-1000,0,-0,1.971898757602399,2.9116724426758416,3,10000
4,[300],0,76,-1000,0,-0,1.105261791833569,0.8076844636817924,4,10000
5,[395],0,76,-1000,0,-0,0.44073505342289088,0.32575465254181135,5,10000
6,[490],0,76,-1000,0,-0,0.4457648727779121,0.21056403295902615,6,10000
7,[585],0,76,-1000,0,-0,-0.12286648705353531,1.1918860776047353,7,10000
8,[680],0,76,-1000,0,-0,-3.6412155986769816,-4.348114667348964,8,10000
9,[775],0,76,-1000,0,-0,5.6086305490850954,6.967561131212959,9,10000
10,[870],0,76,-1000,0,-0,-0.096979803304297452,-2.0043377473215647,10,10000
1,[14],0,77,-1000,0,-0,1.3205621615791947,1.6714718922670149,1,10000
2,[109],0,77,-1000,0,-0,-1.6778910044162165,-3.080796910357485,2,10000
3,[204],0,77,-1000,0,-0,0.9772581320243795,2.242402272168154,3,10000
4,[299],0,77,-1000,0,-0,-0.57664469979017341,-0.5921644284164074,4,10000
5,[394],0,77,-1000,0,-0,-0.7704790347340631,-1.1219578880689907,5,10000
6,[489],0,77,-1000,0,-0,-0.29999260320920806,-0.3139867077211188,6,10000
7,[584],0,77,-1000,0,-0,4.5943737841980239,4.957533643066351,7,10000
8,[679],0,77,-1000,0,-0,0.25695867972962871,-0.522207877141945,8,10000
9,[774],0,77,-1000,0,-0,0.69592689298371069,0.7273661573534627,9,10000
10,[869],0,77,-1000,0,-0,6.1172400844189063,6.381491930632775,10,10000
1,[13],0,78,-1000,0,-0,-7.2486478125580005,-8.699611777957362,1,10000
2,[108],0,78,-1000,0,-0,-2.6611358421745228,-2.1157480362499057,2,10000
3,[203],0,78,-1000,0,-0,-3.4321772762206275,-3.771520721706325,3,10000
4,[298],0,78,-1000,0,-0,-1.5200532633185726,-1.3241724739242597,4,10000
5,[393],0,78,-1000,0,-0,-1.080441416680856,-0.4108532327663569,5,10000
6,[488],0,78,-1000,0,-0,0.22974175613670728,0.434219008687578,6,10000
7,[583],0,78,-1000,0,-0,-1.6068923780034705,-2.954128636289556,7,10000
8,[678],0,78,-1000,0,-0,-1.4191502134630389,0.2886056237505321,8,10000
9,[773],0,78,-1000,0,-0,-4.1590420256229557,-3.2412530943123183,9,10000
10,[868],0,78,-1000,0,-0,1.9576960077238739,0.49652293255450974,10,10000
1,[12],0,79,-1000,0,-0,-3.1599661049722179,-4.7819033978141965,1,10000
2,[107],0,79,-1000,0,-0,1.9587735468648897,2.2937536502562437,2,10000
3,[202],0,79,-1000,0,-0,-1.6183955671353831,-1.4223838334377321,3,10000
4,[297],0,79,-1000,0,-0,-1.2131553488179765,-0.9693107203313828,4,10000
5,[392],0,79,-1000,0,-0,1.146481678791941,0.6522322840388403,5,10000
6,[487],0,79,-1000,0,-0,-0.96153943171755207,-2.1716813085959723,6,10000
7,[582],0,79,-1000,0,-0,-0.064303920314788154,0.4535343412736692,7,10000
8,[677],0,79,-1000,0,-0,0.42565915912554253,1.2535975122355336,8,10000
9,[772],0,79,-1000,0,-0,2.7000930189254366,2.612015634556134,9,10000
10,[867],0,79,-1000,0,-0,-2.2031119255156026,-3.0543544150450557,10,10000
1,[83],0,8,-7,1,-0,-2.3464255595892252,-2.7521996023649966,1,8
2,[178],0,8,-6,1,-0,-2.9170536095297033,-3.17831848762366,2,8
3,[273],0,8,-5,1,-0,0.89749844038735216,2.0434266187116465,3,8
4,[368],0,8,-4,1,-0,0.0028737343902757173,-0.8954623311204702,4,8
5,[463],0,8,-3,1,-0,-1.3992463534962392,-1.2670746888218025,5,8
6,[558],0,8,-2,1,-0,0.72455903117232534,1.325867887758389,6,8
7,[653],0,8,-1,1,-0,1.9821428832656087,1.4440949724445176,7,8
8,[748],1,8,0,1,-7,0.66129090244148303,-6.027626737970994,8,8
9,[843],1,8,1,1,-6,4.8643963868004167,0.04808596992239078,9,8
10,[938],1,8,2,1,-5,1.4628926974669714,-1.5379648733250666,10,8
1,[11],0,80,-1000,0,-0,-0.56561061061014128,-0.7819864013903887,1,10000
2,[106],0,80,-1000,0,-0,-2.2418317882128549,-1.5358862169106366,2,10000
3,[201],0,80,-1000,0,-0,-0.083273776314086168,1.2212233003256387,3,10000
4,[296],0,80,-1000,0,-0,-0.37117712440720052,0.9706690393566649,4,10000
5,[391],0,80,-1000,0,-0,0.5920810626199402,0.7149127040521029,5,10000
6,[486],0,80,-1000,0,-0,-0.92475020650817497,-1.1874553481511843,6,10000
7,[581],0,80,-1000,0,-0,1.0282155341223356,-1.2589379863280783,7,10000
8,[676],0,80,-1000,0,-0,3.2948249149727715,2.5864029708928102,8,10000
9,[771],0,80,-1000,0,-0,2.8299590305043578,2.6968147242193297,9,10000
10,[866],0,80,-1000,0,-0,0.37835990046839862,0.024347095520350026,10,10000
1,[10],0,81,-1000,0,-0,2.3131871601728071,1.7723144156585455,1,10000
2,[105],0,81,-1000,0,-0,-2.627955770238537,-2.5541252383939237,2,10000
3,[200],0,81,-1000,0,-0,-1.1773280527149352,-2.767883202142163,3,10000
4,[295],0,81,-1000,0,-0,1.066376931139323,0.5391015204144073,4,10000
5,[390],0,81,-1000,0,-0,-0.6296955967320349,0.45458340975003086,5,10000
6,[485],0,81,-1000,0,-0,-2.7944454337072457,-4.594217829043447,6,10000
7,[580],0,81,-1000,0,-0,0.77214271633885256,1.5319849722298664,7,10000
8,[675],0,81,-1000,0,-0,3.8027212804742336,5.198326208704531,8,10000
9,[770],0,81,-1000,0,-0,2.0017487657267807,1.9300742780442868,9,10000
10,[865],0,81,-1000,0,-0,1.8105856761144847,2.1146176821573825,10,10000
1,[9],0,82,-9,1,-0,-2.3495161110388758,-1.3513616659815617,1,10
2,[104],0,82,-8,1,-0,2.5130216372351701,3.0891072377473763,2,10
3,[199],0,82,-7,1,-0,0.083925787198617208,1.4826447426304197,3,10
4,[294],0,82,-6,1,-0,-0.030365001753651144,0.5600963993833341,4,10
5,[389],0,82,-5,1,-0,-0.99289398996451028,-1.6602757938859698,5,10
6,[484],0,82,-4,1,-0,-1.1340959621479927,-0.519031351425669,6,10
7,[579],0,82,-3,1,-0,0.85939873921286525,1.2674497619417397,7,10
8,[674],0,82,-2,1,-0,4.1494668684908724,2.6388818056479235,8,10
9,[769],0,82,-1,1,-0,-2.6116188257164725,-2.257369316575171,9,10
10,[864],1,82,0,1,-9,-0.8421526854768433,-9.954535347314517,10,10
1,[8],0,83,-8,1,-0,-0.08850914503314633,-1.3352625738281882,1,9
2,[103],0,83,-7,1,-0,-0.36583633572366547,-0.41437889025338775,2,9
3,[198],0,83,-6,1,-0,-0.89500945497983164,-0.16996628450473028,3,9
4,[293],0,83,-5,1,-0,-2.0813056653851572,-2.633663950947552,4,9
5,[388],0,83,-4,1,-0,1.5186930064114752,-0.22666897199660796,5,9
6,[483],0,83,-3,1,-0,1.535144085911931,1.4316779607054548,6,9
7,[578],0,83,-2,1,-0,3.5685319743782848,3.8940038806570594,7,9
8,[673],0,83,-1,1,-0,3.414817729574255,1.8961500998996936,8,9
9,[768],1,83,0,1,-8,2.8318377152326035,-5.692169797538513,9,9
10,[863],1,83,1,1,-7,3.4012528962507877,-5.0146800278615755,10,9
1,[7],0,84,-7,1,-0,0.32856334202584581,-1.5837824540212357,1,8
2,[102],0,84,-6,1,-0,0.80077235447546125,-0.2846569750918082,2,8
3,[197],0,84,-5,1,-0,0.14230368651512537,-0.06451680144047484,3,8
4,[292],0,84,-4,1,-0,0.34132244280219937,-0.7324499675999915,4,8
5,[387],0,84,-3,1,-0,-0.52111314408711851,-1.9887975073888096,5,8
6,[482],0,84,-2,1,-0,-0.11905029253287411,1.2101579127020394,6,8
7,[577],0,84,-1,1,-0,0.18198513916484332,0.8753718918746427,7,8
8,[672],1,84,0,1,-7,0.08089226567258001,-7.039272992268983,8,8
9,[767],1,84,1,1,-6,3.4284577211382143,-1.259224387188001,9,8
10,[862],1,84,2,1,-5,2.176165467353735,-2.0746819537960843,10,8
1,[6],0,85,-6,1,-0,-0.31521366654812288,0.49562631362910736,1,7
2,[101],0,85,-5,1,-0,0.37167583166128026,-0.6224486376481426,2,7
3,[196],0,85,-4,1,-0,0.37742938747048249,0.18144118858645863,3,7
4,[291],0,85,-3,1,-0,-0.39570028034290328,-1.3181109377835134,4,7
5,[386],0,85,-2,1,-0,-0.60441187757858394,-0.2345009162912064,5,7
6,[481],0,85,-1,1,-0,-1.4375595268544472,-0.5457919318893251,6,7
7,[576],1,85,0,1,-6,-1.7558525171264341,-7.454908114916891,7,7
8,[671],1,85,1,1,-5,-1.9782766914201337,-6.882357734587097,8,7
9,[766],1,85,2,1,-4,0.27313559479911254,-4.92260460103013,9,7
10,[861],1,85,3,1,-3,3.2573706097285244,-0.9598502223933325,10,7
1,[5],0,86,-5,1,-0,-3.6711677859516882,-5.333816638793612,1,6
2,[100],0,86,-4,1,-0,2.7017926510292791,3.1066636604690254,2,6
3,[195],0,86,-3,1,-0,3.8005567481278968,4.708001155856226,3,6
4,[290],0,86,-2,1,-0,1.7795732686604722,2.0048590684515397,4,6
5,[385],0,86,-1,1,-0,-0.61500887682436112,-1.529864716825124,5,6
6,[480],1,86,0,1,-5,2.0452933955454569,-3.136681002559879,6,6
7,[575],1,86,1,1,-4,-1.208105066927581,-4.286671812336975,7,6
8,[670],1,86,2,1,-3,-1.6435071486089439,-5.1498681159690065,8,6
9,[765],1,86,3,1,-2,0.82325724797726474,0.850995981275973,9,6
10,[860],1,86,4,1,-1,-1.0844192274664701,-4.714578544459637,10,6
1,[4],0,87,-4,1,-0,-0.72042630586218415,-0.6510306584877257,1,5
2,[99],0,87,-3,1,-0,-2.6697598147681756,-2.486176106824723,2,5
3,[194],0,87,-2,1,-0,-5.1432359686620863,-4.4455874417177395,3,5
4,[289],0,87,-1,1,-0,1.9955906940536678,3.563163752268313,4,5
5,[384],1,87,0,1,-4,-0.66263134595400941,-5.239035586197131,5,5
6,[479],1,87,1,1,-3,1.3381208860372054,-1.1229270198612418,6,5
7,[574],1,87,2,1,-2,0.31395879476107325,-1.863428959521404,7,5
8,[669],1,87,3,1,-1,-1.2308586670539685,-3.313338643450897,8,5
9,[764],1,87,4,1,0,-0.11200213702281747,-0.39153478026799327,9,5
10,[859],1,87,5,1,1,3.2362055458668069,4.325132154665567,10,5
1,[3],0,88,-3,1,-0,2.52744015265539,2.7381717377282326,1,4
2,[98],0,88,-2,1,-0,-0.8674367537368235,-1.1156838587057887,2,4
3,[193],0,88,-1,1,-0,-1.4887350037139568,-3.5948534393089866,3,4
4,[288],1,88,0,1,-3,-1.1058490280734026,-5.3114242394542295,4,4
5,[383],1,88,1,1,-2,-0.63286574091382453,-3.4001645194889143,5,4
6,[478],1,88,2,1,-1,0.18724810536308281,-1.753761632448789,6,4
7,[573],1,88,3,1,0,1.3471717317398544,1.6899720160810732,7,4
8,[668],1,88,4,1,1,0.84374137480917588,4.03673937434568,8,4
9,[763],1,88,5,1,2,1.1916255171772328,4.698607294628521,9,4
10,[858],1,88,6,1,3,-1.3046643929524873,1.8348943091205903,10,4
1,[2],0,89,-2,1,-0,-3.7100676485602455,-4.580845282165588,1,3
2,[97],0,89,-1,1,-0,-3.2382984157396746,-1.7483910020864468,2,3
3,[192],1,89,0,1,-2,2.0968927872628327,-1.7599368411370242,3,3
4,[287],1,89,1,1,-1,2.4783480965894769,0.5185716129281124,4,3
5,[382],1,89,2,1,0,-0.88190375881521299,-1.1644503504584491,5,3
6,[477],1,89,3,1,1,-1.215124666940123,0.6784565475010833,6,3
7,[572],1,89,4,1,2,1.3260412185808548,2.4525910853918926,7,3
8,[667],1,89,5,1,3,0.70165967600159385,1.3752501485614863,8,3
9,[762],1,89,6,1,4,3.4254036941851029,7.278679791759069,9,3
10,[857],1,89,7,1,5,2.244401238882896,8.392021094770309,10,3
1,[82],0,9,-6,1,-0,1.1619088415682319,2.4239182221946223,1,7
2,[177],0,9,-5,1,-0,2.0304240730047418,2.442581109851779,2,7
3,[272],0,9,-4,1,-0,-2.1194155515086157,-1.9374210569292956,3,7
4,[367],0,9,-3,1,-0,-3.7627986150551802,-4.393135788650658,4,7
5,[462],0,9,-2,1,-0,-0.36969867768685727,0.4069489688456337,5,7
6,[557],0,9,-1,1,-0,0.003908855742497358,-1.7288510618208084,6,7
7,[652],1,9,0,1,-6,-0.47671486417369013,-8.590055548827054,7,7
8,[747],1,9,1,1,-5,1.6144251592913135,-4.0534037046901386,8,7
9,[842],1,9,2,1,-4,-0.89756794895854908,-5.376195441443466,9,7
10,[937],1,9,3,1,-3,-0.52648765177199586,-3.7632492824528216,10,7
1,[1],0,90,-1,1,-0,-1.0947021321591979,0.017229712877750103,1,2
2,[96],1,90,0,1,-1,-1.1245239334591941,-3.257283344511615,2,2
3,[191],1,90,1,1,0,2.2881606521653568,4.211324305128236,3,2
4,[286],1,90,2,1,1,-2.1159300205474478,0.2002371424922278,4,2
5,[381],1,90,3,1,2,2.0514902815958433,4.230411253459222,5,2
6,[476],1,90,4,1,3,-0.17453039859118732,1.9001566063095614,6,2
7,[571],1,90,5,1,4,2.8086195378778513,6.821339375209977,7,2
8,[666],1,90,6,1,5,4.5566999342064394,9.227597132241922,8,2
9,[761],1,90,7,1,6,-2.8321977389397204,3.7491868902931764,9,2
10,[856],1,90,8,1,7,2.0645267758984067,9.35106579226041,10,2
1,[95],0,91,-1000,0,-0,-2.7806213218421139,-2.398613762671734,1,10000
2,[190],0,91,-1000,0,-0,-2.0631357616702894,-2.70453691785314,2,10000
3,[285],0,91,-1000,0,-0,-1.4418134313258266,-0.8065302868042551,3,10000
4,[380],0,91,-1000,0,-0,0.79487336035532807,1.5318331135461405,4,10000
5,[475],0,91,-1000,0,-0,-1.1991949467788794,-2.111120817558438,5,10000
6,[570],0,91,-1000,0,-0,-0.72186550266879768,-0.7044022365177786,6,10000
7,[665],0,91,-1000,0,-0,0.058517927153142635,-0.7927025142270154,7,10000
8,[760],0,91,-1000,0,-0,3.0561572479074441,2.2986688465414695,8,10000
9,[855],0,91,-1000,0,-0,0.050962628275194488,0.789439742652571,9,10000
10,[950],0,91,-1000,0,-0,-0.22334411918886188,-0.5353174753815533,10,10000
1,[94],0,92,-1000,0,-0,-4.7081676746446028,-5.474784310869875,1,10000
2,[189],0,92,-1000,0,-0,-0.30420137690493265,-1.9422091097861247,2,10000
3,[284],0,92,-1000,0,-0,-0.96450846072085816,-1.3703337070846346,3,10000
4,[379],0,92,-1000,0,-0,-1.6103770353062448,-1.5104736591482866,4,10000
5,[474],0,92,-1000,0,-0,0.23415151880144378,-1.0095460899731659,5,10000
6,[569],0,92,-1000,0,-0,1.2361057936554189,-1.390049290947346,6,10000
7,[664],0,92,-1000,0,-0,1.5189424461778769,2.74119272249947,7,10000
8,[759],0,92,-1000,0,-0,-3.9846532421134704,-2.9085336060655727,8,10000
9,[854],0,92,-1000,0,-0,-3.4138672825313514,-5.924900769663719,9,10000
10,[949],0,92,-1000,0,-0,-2.2386999448397802,-1.2344669238864439,10,10000
1,[93],0,93,-1000,0,-0,-3.0368658889375526,-1.9729847344500424,1,10000
2,[188],0,93,-1000,0,-0,-3.4710169697672186,-3.9133346884341473,2,10000
3,[283],0,93,-1000,0,-0,0.91610769543745463,1.3619156528527907,3,10000
4,[378],0,93,-1000,0,-0,-0.45346692565567975,0.3429558878652467,4,10000
5,[473],0,93,-1000,0,-0,-1.4734742958022573,0.17888354739528367,5,10000
6,[568],0,93,-1000,0,-0,-0.33799483100352079,-1.5453290122067975,6,10000
7,[663],0,93,-1000,0,-0,1.405200452258704,-0.49667038544015174,7,10000
8,[758],0,93,-1000,0,-0,-1.4207228808669123,0.06118282743036674,8,10000
9,[853],0,93,-1000,0,-0,3.9120347216851412,4.760802356990302,9,10000
10,[948],0,93,-1000,0,-0,0.49006068440096673,-0.3090662973257322,10,10000
1,[92],0,94,-1000,0,-0,-4.8415429120731162,-3.144149017252431,1,10000
2,[187],0,94,-1000,0,-0,1.978458751265828,1.9939739946145638,2,10000
3,[282],0,94,-1000,0,-0,0.56168115071371683,-0.10646616617289917,3,10000
4,[377],0,94,-1000,0,-0,1.9023980047342892,0.8629620618853175,4,10000
5,[472],0,94,-1000,0,-0,0.18708972915939784,-0.20517489112222323,5,10000
6,[567],0,94,-1000,0,-0,-0.78417429770829994,0.8536998192002883,6,10000
7,[662],0,94,-1000,0,-0,-3.1951571374172634,-5.287740909173802,7,10000
8,[757],0,94,-1000,0,-0,0.84952244866260385,-0.6063613488688528,8,10000
9,[852],0,94,-1000,0,-0,-0.84802781340825195,-0.9271946395847218,9,10000
10,[947],0,94,-1000,0,-0,-0.69381119345189868,0.33997304416235274,10,10000
1,[91],0,95,-1000,0,-0,-0.13288646150200711,-2.223732558474306,1,10000
2,[186],0,95,-1000,0,-0,-3.5422946036734775,-3.850544542024198,2,10000
3,[281],0,95,-1000,0,-0,-0.61854217300083913,-0.6725447685948991,3,10000
4,[376],0,95,-1000,0,-0,-1.9287497482765006,-1.8168967092642452,4,10000
5,[471],0,95,-1000,0,-0,-1.475840504039996,-1.3614349573643483,5,10000
6,[566],0,95,-1000,0,-0,1.0759419981468201,0.02556787507805991,6,10000
7,[661],0,95,-1000,0,-0,0.74281998449810915,0.0980845762553697,7,10000
8,[756],0,95,-1000,0,-0,-1.0549610122264288,0.8814362986376563,8,10000
9,[851],0,95,-1000,0,-0,1.1885338972379296,1.7678973692833697,9,10000
10,[946],0,95,-1000,0,-0,0.76203233199957576,0.7539766912877944,10,10000
